Batch,AG98,AG22,AG23,SodaF,PotashF,Crushing,ETP,NaSil,MOR_kgf_mm2,WA_fraction,Shrinkage_pct
1,19.39,5.32,13.097,41.644,16.224,1.75,2.38,0.1,2.6259,0.00726,11.04
2,17.55,1.85,12.73,41.205,16.648,2.306,5.11,0.53,4.8385,0.00507,9.79
3,18.133,3.746,12.595,38.563,19.074,2.686,2.86,2.663,7.719,0.00193,11.04
4,15.836,3.467,13.49,39.391,17.198,3.056,2.84,0.1,4.0002,0.00608,10.45
5,16.41,4.43,10.702,41.207,19.914,0.74,2.893,1.422,6.0312,0.004503,10.76
6,19.117,3.274,12.77,41.887,18.262,2.73,3.65,1.045,4.9735,0.003545,10.65
7,14.18,3.143,14.79,42.572,18.363,3.768,2.504,0.1,4.535,0.00542,10.26
8,16.38,3.884,12.563,38.818,16.534,2.396,3.05,0.1,4.9779,0.004527,10.21
9,20.011,5.19,9.81,39.715,20.712,3.47,3.1,1.158,5.019,0.005332,10.71
10,15.163,4.212,11.759,42.616,19.755,3.44,5.344,0.443,4.684,0.00208,9.51
11,20.64,2.258,13.18,41.735,19.706,3.86,3.433,0.905,4.455,0.00343,10.6
12,17.71,3.683,13.309,41.909,19.523,3.494,4.187,0.1,3.589,0.00578,10.37
13,19.09,5.237,11.63,40.223,19.409,3.398,5.83,0.1,4.4021,0.00314,10
14,17.815,6.117,14.611,36.649,19.338,1.38,3.1,0.1,3.325,0.008837,11.36
15,20.18,4.09,8.96,38.67,20.266,2.58,3.52,1.709,6.0572,0.00426,9.99
16,15.464,4.763,12,39.901,19.73,2.33,1.842,1.21,5.315,0.00508,10.85
17,17.89,3.039,12.042,40.136,20,3.79,3.87,0.574,5.2936,0.004534,10.26
18,17.88,3.51,13.51,41.773,22.271,3.816,3.53,2.843,7.0861,0.00429,10.81
19,16.575,5.03,13.32,36.999,18.986,4.85,4.17,1.827,7.1519,0.001922,10.07
20,16.954,4.57,11.15,38.02,16.993,1.785,1.238,0.1,3.9301,0.007102,11.06
21,18.08,3.32,11.179,42.302,15.926,3.42,2.913,0.137,4.493,0.004795,10.18
22,18.95,6.17,12.18,40.471,17.553,0.71,2.246,0.49,3.64,0.00862,11.88
23,15.654,6.325,14.839,38.25,18.499,5.27,3.287,2.711,7.291,0.002346,10.48
24,19.132,5.24,12.9,37.396,19.786,2.66,2.53,2.968,7.58,0.006432,11.4
25,17.05,4.445,15.653,37.907,15.25,0.1,2.81,1.981,6.83,0.00705,12.01
26,17.79,1.92,10.63,41.068,19.264,2.96,1.561,0.863,4.8664,0.004299,10.65
27,18.54,1.6,10.297,36.767,19.202,2.6,1.426,0.845,5.573,0.00453,10.62
28,17.647,3.61,12.23,44.117,20.435,2.58,1.547,0.1,3.228,0.00544,10.59
29,16.071,4.92,11.15,38.604,18.427,4.43,1.65,0.951,5.5087,0.00221,10.32
30,19.72,3.76,11.992,39.244,15.512,2.63,2.309,0.374,4.143,0.00577,10.93
31,15.768,1.67,12.694,40.842,19.17,1.475,3.921,0.1,4.227,0.00332,10.03
32,17.4,3.405,12.047,39.984,16.655,4.312,2.138,1.627,6.5617,0.00353,10.29
33,18.646,6.67,11.744,41.585,18.45,1.838,0.1,0.105,2.0907,0.00821,11.58
34,18.94,2.525,13.29,41.124,20.034,4.01,4.9,1.658,6.273,0.003007,10.17
35,16.67,2.813,9.635,41.302,20.721,2.647,3.557,2.948,8.514,0.003953,10.23
36,15.23,7.252,13.072,40.136,19.181,4.472,2.5,0.138,4.1908,0.007628,10.53
37,17.763,5.29,12.641,44.463,18.065,1.714,2.263,0.1,3.294,0.007312,10.85
38,17.4,3.13,11.96,42.481,18.056,2.03,1.42,4.007,9.0931,0.00318,11.45
39,16.534,6.101,7.84,40.263,17.678,0.46,2.436,0.12,3.443,0.005278,10.41
40,18.2,2.18,14.167,39.828,16.991,2.156,1.897,2.025,6.7386,0.00476,11.43
41,19.064,1.409,12.57,42.26,15.438,3.43,1.467,0.1,3.564,0.006338,10.27
42,20.314,3.509,11.653,42.306,19.75,2.65,1.25,0.1,3.376,0.00742,11.09
43,20.428,1.508,12.093,39.929,16.399,5.01,4.18,2.294,7.2742,0.00076,10.02
44,16.696,2.81,11.678,39.876,20.386,3.371,2.65,0.1,4.526,0.003908,10.11
45,17.233,5.87,12.521,41.18,17.292,3.32,3.838,0.1,3.776,0.005285,10.31
46,17.49,3.5,12.37,42.177,20.282,3.64,1.506,0.1,3.9784,0.00564,10.7
47,19.715,3.615,13.102,41.071,15.961,2.665,4.08,0.856,5.395,0.00383,10.75
48,18,1.93,16.04,40.865,19.938,2.52,5.15,3.194,7.603,0.00302,10.93
49,19.28,1.88,12.663,38.911,16.151,2.85,2.13,1.387,6.2423,0.00555,10.84
50,19.869,4.558,10.418,37.933,20.464,2.04,2.85,1.713,5.469,0.00734,11.41
51,17.156,6.667,11.12,37.69,18.789,3.034,3.253,3.463,8.697,0.003425,10.89
52,19.35,4.394,15.45,40.724,19.999,4.411,3.804,3.037,7.3986,0.00409,11.16
53,17.57,4.043,9.17,42.985,20.935,5.611,1.64,1.05,5.6125,0.0048,9.98
54,18.87,4.524,9.672,44.12,17.612,1.465,2.9,3.087,7.596,0.00325,11.63
55,17.387,3.82,10.595,41.304,17.598,3.47,5.26,0.1,4.249,0.002777,9.61
56,19.868,3.371,11.614,38.839,19.796,3.508,4.892,1.209,6.0768,0.00408,10.59
57,17.48,1.97,12.89,37.884,16.46,0.1,0.2,1.994,6.7902,0.007087,11.61
58,16.91,4.72,8.262,40.198,18.272,2.2,2.502,2.667,8.39,0.002001,10.71
59,17.51,3.181,14.26,42.295,17.417,3.23,3.659,1.278,6.2801,0.003746,10.94
60,16.56,3.25,10.547,38.768,22.93,4.51,3.987,0.882,5.807,0.00336,9.46
61,14.82,0.804,11.56,41.57,22.362,2.904,4.41,0.879,5.6684,0.003204,9.77
62,17.758,2.261,12.31,41.127,21.073,2.92,2.629,2.335,5.885,0.005,10.46
63,16.6,3.85,14.94,37.751,20.479,2.058,1.292,0.117,3.944,0.008496,11.01
64,15.728,3.66,13.08,40.287,20.176,4.484,2.94,2.247,7.263,0.002661,9.88
65,17.36,0.1,17.44,42.658,17.355,2.656,3.69,0.104,3.5897,0.008086,10.54
66,19.031,5.503,16.15,42.183,17.114,5.196,1.928,1.434,4.777,0.00592,11.18
67,20.2,4.91,12.48,43.343,20.213,2.959,2.28,1.186,3.9409,0.00475,11.62
68,16.538,2.572,13.891,41.044,16.747,0.1,5.654,0.1,3.5052,0.007079,10.94
69,19.34,4.367,14.19,41.516,19.873,1.7,0.26,0.39,2.559,0.007407,11.83
70,18.92,3.85,11.98,38.641,18.451,0.33,2.8,1.158,5.224,0.007139,11.61
71,14.491,5.87,13.26,40.177,19.234,4.842,1.99,2.209,6.903,0.00337,10.23
72,20.921,3.99,16.34,41.645,15.44,2.085,5.131,0.178,4.0271,0.0097,11
73,18.07,3.265,9.86,37.052,19.663,2.233,2.692,0.1,4.5292,0.00639,9.87
74,17.781,4.509,15.06,41.956,17.684,3.665,1.001,0.427,3.4264,0.005988,11.32
75,20.12,4.261,17.42,39.645,18.227,1.934,3.649,1.244,4.7029,0.00894,11.47
76,14.75,4.37,13.775,39.626,17.866,4,2.553,1.337,6.351,0.002833,10.42
77,16.29,4.287,12.536,42.144,17.743,2.38,1.683,0.956,4.6935,0.005216,10.84
78,20.5,5.2,13.022,40.275,19.986,2.39,2.56,0.1,2.9193,0.00747,11.28
79,16.4,4.22,12.666,38.914,18.181,4.159,2.099,0.1,4.221,0.00544,9.83
80,16.27,4.42,14.69,41.975,19.678,2.44,1.103,0.84,4.735,0.004933,10.88
81,18.651,3.485,17.05,42.05,20.825,2.99,4.59,2.811,6.4742,0.004063,11.42
82,17.236,2.244,9.042,39.864,18.793,0.888,2.75,1.935,7.3318,0.004746,10.5
83,17.726,4.38,11.097,38.929,20.909,4.16,3.612,2.317,7.245,0.001829,10.13
84,15.4,4.758,14.02,39.003,16.947,2.097,5.259,1.735,7.0682,0.00461,10.59
85,16.075,4.294,16.409,42.712,16.586,4.37,2.486,4.348,9.531,0.000522,11.34
86,19.003,3.771,9.78,39.611,16.753,4.5,3.56,0.1,5.0718,0.00539,9.6
87,17.15,1.986,14.67,37.729,21.801,1.925,3.707,1.987,5.996,0.00245,10.57
88,20.69,5.16,14.39,41.634,19.923,3.064,2.209,0.1,2.768,0.00794,11.27
89,19.04,3.769,15.76,41.343,16.972,4.52,3.958,1.633,5.8096,0.003613,10.64
90,19.594,3.84,8.8,40.199,17.495,1.49,0.123,1.948,6.1428,0.00432,10.89
91,15.336,3.02,14.559,41.955,18.064,3.215,2.095,0.1,3.858,0.005794,10.58
92,16.84,1.14,11.39,41.322,15.83,2.21,3.98,0.1,4.667,0.00484,9.57
93,15.911,2.66,12.56,44.238,17.824,2.77,2.686,1.483,5.977,0.00322,10.33
94,17.94,4.212,13.3,42.753,19.376,3.12,4.343,0.137,3.453,0.004973,10.24
95,20.09,3.445,10.808,46.221,20.756,2.839,1.85,2.329,5.8226,0.003113,11.52
96,17.51,2.997,15.226,39.578,20.091,1.92,2.745,3.671,7.905,0.00427,11.81
97,21.29,6.44,15.616,41.731,19.407,1.908,3.729,0.573,3.062,0.0104,11.54
98,19.253,5.152,12.95,39.502,18.031,3.186,1.396,2.612,6.838,0.006836,11.74
99,16.852,4.424,12.696,42.585,19.875,1.68,4.06,0.1,3.567,0.008322,10.4
100,15.319,3.6,12.98,43.499,22.636,3.373,2.013,2.493,6.574,0.000761,11
101,20.523,2.41,13,38.949,18.577,5.14,1.78,2.328,7.3227,0.00612,10.74
102,15.63,4.578,13.56,40.866,17.284,2.68,4.509,0.1,4.3873,0.006141,10.2
103,19.35,4.79,14.522,41.73,19.553,3.76,3.25,0.1,3.211,0.005753,11.27
104,19.591,2.97,13.674,40.016,18.34,0.45,2.28,0.1,3.346,0.00851,11.17
105,13.772,2.653,10.903,38.989,16.796,1.775,2.821,0.117,5.377,0.003835,10.14
106,19.9,0.866,12.448,39.393,18.285,4.76,4.438,0.892,5.64,0.00063,9.72
107,15.18,5.03,13.638,38.378,17.251,2.99,4.56,1.513,6.4557,0.00406,9.95
108,16.177,4.86,10.436,41.593,19.399,1.31,4.315,0.1,4.3094,0.00641,10.14
109,19.351,2.102,15.351,43.64,19.274,2.369,1.15,0.824,3.656,0.008134,11.77
110,19.04,2.612,12.38,38.585,19.894,2.643,2.53,1.373,5.7164,0.004641,10.82
111,16.96,2.88,12.21,38.56,19.652,3.454,0.549,0.1,3.617,0.00592,10.86
112,21.725,1.79,13.1,38.224,17.584,4.88,0.983,0.1,3.9556,0.007728,11.08
113,18.79,3.464,13.28,38.315,18.747,2.616,2.665,1.052,5.4378,0.0054,10.96
114,17.899,1.664,16.71,41.144,17.697,2.341,3.49,1.512,5.8114,0.006128,11.04
115,17.514,0.1,15.057,40.429,20.212,3.32,3.443,2.52,7.1903,0.00348,10.44
116,17.56,3.93,11.673,42.017,16.563,4.956,3.92,2.755,8.5573,0.002112,10.36
117,14.08,3.731,10.39,39.057,18.827,3.257,0.594,0.1,4.292,0.003143,10.15
118,17.05,0.1,11.351,43.363,22.382,3.46,1.947,2.116,6.4068,0.00302,10.55
119,17.581,3.723,9.73,43.222,17.357,2.98,2.03,0.82,5.4106,0.0033,10.28
120,17.08,3.51,14.09,39.885,19.245,0.86,2.49,3.117,7.9291,0.00611,11.84
121,19.7,3.48,14.754,42.234,15.758,0.1,2.51,0.1,2.6789,0.008783,11.58
122,21.03,2.336,12.041,41.738,17.279,2.717,3.674,0.1,4.4256,0.005039,10.75
123,19.29,1.88,8.764,38.061,19.453,3.973,2.38,1.02,6.2324,0.00385,9.75
124,20.433,3.621,11.92,43.002,18.487,0.55,1.394,1.505,4.671,0.007633,11.91
125,18.91,5.41,12.02,39.791,14.816,1.717,1.92,0.603,4.8695,0.00792,10.95
126,19.54,4.96,11.85,40.987,17.482,1.69,5.884,0.1,3.977,0.00853,10.48
127,14.596,2.73,13.52,41.005,16.815,3.42,4.5,0.1,4.986,0.0026,9.65
128,19.052,4.604,12.81,41.216,17.236,1.78,3.73,1.721,5.6602,0.005069,11.17
129,16.936,4.14,14.108,40.592,14.353,3.787,1.78,2.368,6.8232,0.005058,10.61
130,17.643,3.848,11.333,40.657,17.806,4.45,0.177,2.616,7.713,0.002328,10.6
131,18.07,4.829,15.527,39.592,16.777,3.191,3.27,1.19,5.686,0.004714,11.08
132,18.037,3.44,12.74,38.108,16.823,2.89,0.813,2.065,7.102,0.002963,11
133,16.58,5.632,16.171,40.083,17.957,2.834,2.21,2.112,6.2275,0.007551,11.48
134,15.383,4.57,14.86,38.128,20.724,3.294,3.151,2.232,7.0693,0.005,10.59
135,16.77,3.993,10.368,42.428,21.117,4.421,2.738,0.976,4.8168,0.00289,10.25
136,18.876,1.85,11.575,39.949,18.557,4.557,1.798,2.572,8.14,0.00348,10.26
137,17.05,2.54,12.7,39.396,18.615,3.94,2.18,0.1,4.0269,0.006256,10.09
138,19.12,2.63,12.209,41.574,16.937,2.876,2.22,0.325,3.9036,0.006906,10.87
139,17.94,3.28,11.12,39.534,16.371,2.64,4.411,2.396,7.5952,0.003717,10.52
140,17.45,4.382,11.973,39.824,17.397,4.99,4.82,0.331,5.228,0.001569,9.69
141,17.773,4.206,12.27,41.756,16.785,4.34,2.94,0.1,4.9,0.00651,9.87
142,19.68,1.58,9.998,42.307,18.835,2.846,4.157,0.1,4.386,0.00502,10.15
143,20.551,3.337,12.289,43.921,18.771,1.82,3.147,1.434,4.7923,0.007844,11.03
144,19.65,2.89,12.16,41.277,18.378,2.11,2.41,0.201,4.193,0.00516,11.07
145,16.24,2.086,9.05,37.938,22.86,5.26,1.6,0.1,5.1743,0.00322,9.48
146,19.51,3.36,15.354,40.969,20.329,4.86,2.73,1.397,5.374,0.007759,10.65
147,17.812,4.949,9.401,41.536,16.296,0.725,1.988,0.132,4.57,0.00733,10.63
148,16.2,3.378,13.723,37.621,18.083,3.251,3.92,0.1,4.7025,0.003666,10.03
149,16.99,2.725,16.61,37.697,19.716,4.988,2.64,3.118,8.386,0.00357,10.76
150,18.8,5.57,11.708,38.866,20.344,4.78,0.1,0.1,3.6723,0.00803,10.67
151,17.008,1.848,13.872,41.136,17.882,1.34,2.32,0.561,4.5763,0.00688,10.75
152,19.164,5.35,14.75,41.227,19.44,3.392,2.766,1.408,4.959,0.008399,11.46
153,18.249,2.716,12.717,37.096,18.388,4.516,1.32,2.525,8.1726,0.004566,10.55
154,19.795,3.584,13.055,42.2,16.144,3.2,3.037,0.359,4.3452,0.006425,10.61
155,17.59,3.049,10.97,38.935,15.773,4.64,2.767,1.437,7.2916,0.00076,10.04
156,20.167,4.896,12.93,39.5,16.481,3.007,3.628,1.325,5.9512,0.00822,11.12
157,20.058,1.99,13.346,40.433,20.534,3.947,2.35,1.037,5.64,0.004677,10.57
158,21.545,4.31,14.52,42.13,18.43,5.68,1.78,0.254,3.6098,0.008599,11.1
159,19.816,3.86,16.911,42.567,17.884,2.62,2.14,0.531,3.3814,0.007171,11.33
160,20.2,4.576,11.968,41.647,17.978,2.986,3.26,0.283,3.5798,0.006202,10.47
161,18.124,1.922,9.39,37.486,20.281,3.096,2.528,0.1,4.5611,0.00449,10.04
162,15.919,2.754,14.68,38.995,19.645,3.389,1.25,0.949,4.5292,0.005075,10.52
163,17.8,4.59,10.757,37.78,17.957,4.46,2.8,0.1,4.751,0.00655,10.13
164,17.37,6.5,13.985,42.304,18.079,3.88,0.37,2.469,5.866,0.00583,11.28
165,15.415,3.32,12.555,38.298,19.267,2.29,4.81,1.703,6.818,0.00356,9.89
166,17.69,3.48,11.798,36.812,15.302,3.704,2.1,0.1,4.6725,0.00549,10.06
167,17.241,5.099,13.341,39.232,18.606,0.303,3.82,1.758,5.9843,0.01088,10.89
168,21.426,1,11.03,39.746,15.831,1.56,4.6,0.1,4.5291,0.004899,10.58
169,17.847,4.53,14.41,39.86,16.441,2.341,3.1,1.282,6.0081,0.007103,11.17
170,19.242,5.321,15.463,38.663,17.133,1.959,1.544,2.412,6.113,0.00784,11.88
171,16.023,0.73,12.261,41.909,17.312,5.761,1.531,3.098,9.645,0.0012,10.21
172,15.76,0.696,11.247,37.416,18.067,2.02,4.56,2.329,8.8078,0.002769,9.71
173,18.49,4.48,12.75,43.727,21.105,4.519,2.686,0.572,3.653,0.005374,10.66
174,15.695,3.88,16.359,43.586,15.696,4.523,0.79,2.147,6.3129,0.00431,11.26
175,16.862,3.89,15.47,39.085,16.552,3.554,0.456,0.516,4.423,0.00723,10.89
176,17.94,2.16,10.558,42.014,21.044,2.421,3.341,1.426,5.0897,0.005154,10.4
177,18.59,3.97,10.425,38.802,16.91,2.31,2.51,0.541,4.392,0.00595,10.9
178,19.855,3.184,16.389,41.792,22.764,4.201,3.608,1.184,4.2137,0.00749,11.12
179,15.54,4.17,14.46,39.759,19.184,4.5,4.02,1.509,6.3183,0.00394,9.97
180,20.99,1,13.705,41.838,17.196,0.85,3.07,0.32,3.201,0.007903,11.32
181,16.93,2.857,10.33,38.971,17.017,4.787,2.332,0.24,5.359,0.003119,9.21
182,21.69,3.469,10.653,42.066,17.922,2.959,1.71,0.917,4.2519,0.00732,11.05
183,14.85,3.05,15.357,38.632,17.735,3.43,1.951,0.1,3.904,0.003292,10.22
184,16.328,2.08,12.583,37.207,18.606,3.69,3.95,2.57,8.865,0.00033,9.98
185,20.02,5.42,12.86,40.208,19.144,3.24,0.392,0.1,3.255,0.00588,11.28
186,20.26,2.735,13.3,39.854,20.894,3.11,3.769,1.96,5.6857,0.006863,11.26
187,20.375,4.485,12.486,38.194,18.827,3.95,3.974,0.687,4.751,0.003084,10.29
188,20.486,2.86,14.92,39.317,22.097,1.893,4.262,1.606,4.837,0.00663,10.95
189,17.73,3.446,15.39,43.105,19.112,3.947,1.358,1.908,5.8726,0.00755,11.01
190,15.92,3.06,16.219,42.653,16.678,2.9,3.76,0.246,4.108,0.002924,10.64
191,20.13,0.29,12.73,38.88,16.126,0.903,4.277,0.353,4.2782,0.00735,10.7
192,15.39,2.239,14.01,44.006,18.55,3.312,3.25,1.166,5.173,0.00493,10.76
193,16.34,1.91,9.22,41.93,19.818,0.613,4.864,2.009,7.6867,0.000816,9.99
194,18.63,2.38,13.269,41.399,18.059,2.29,3.994,2.081,6.607,0.003593,10.76
195,16.95,2.41,9.74,36.684,16.846,5.356,1.61,1.371,7.737,0.00186,9.54
196,16.973,6.26,13.44,39.946,17.867,4.11,1.567,0.255,4.007,0.00731,10.69
197,18.19,4.88,13.44,38.272,18.754,3.875,2.356,1.321,5.802,0.002263,10.9
198,18.84,2.653,13.56,45.143,15.112,3.305,1.953,2.323,6.7336,0.002821,11
199,18.3,3.918,14.662,43.747,19.567,2.589,5.93,2.122,6.22,0.00284,10.58
200,16.59,3.24,13.322,40.044,15.628,3.18,1.447,0.1,4.968,0.00704,10.38
201,16.792,1.907,9.816,38.514,18.324,2.87,3.21,0.961,6.3653,0.001585,9.69
202,18.42,5.25,16.409,38.35,14.787,2.676,2.04,0.1,3.3802,0.010091,11.35
203,18.24,3.23,10.965,38.057,18.312,2.842,3.071,1.108,5.7991,0.0027,10.43
204,16.65,3.144,12.18,43.19,15.44,3.76,0.26,0.145,4.6574,0.00467,10.26
205,21.19,5.381,12.91,38.814,18.91,2.96,2.639,2.713,7.1147,0.004515,11.82
206,19.316,1.512,12.4,39.435,17.454,2.7,1.34,1.293,5.489,0.002684,11.18
207,17.729,5.868,11.37,38.346,18.784,3.499,2.338,0.331,4.115,0.0045,10.9
208,19.3,5.218,9.93,39.721,17.584,5.8,0.546,2.294,7.801,0.002208,10.79
209,21.979,2.6,12.094,41.538,16.345,3.74,0.588,0.861,4.6053,0.00672,11.17
210,19.6,2.38,13.88,40.454,18.024,4.54,1.87,0.228,4.3853,0.00392,10.43
211,16.65,4.616,13.95,39.632,18.568,3.752,2.296,0.1,4.055,0.006095,10.61
212,18.912,4.22,13.389,41.02,19.851,3.81,2.87,2.432,6.2243,0.005296,11.13
213,19.71,3.213,14.38,38.478,20.955,3.383,1.673,0.28,3.68,0.0086,11.17
214,17.02,5.17,13.573,43.19,19.77,2.73,2.56,2.459,6.2462,0.006063,11.51
215,17.59,3.045,12.99,37.912,20.215,0.227,3.42,0.321,5.0604,0.009769,10.95
216,18.52,2.25,9.3,41.141,18.931,0.1,3.4,2.101,6.7681,0.00373,10.96
217,17.2,3.539,9.904,37.783,17.963,3.902,4.83,0.1,5.1471,0.003457,9.58
218,16.827,3.72,13.35,40.931,20.294,2.76,3.003,1.549,5.721,0.003471,11.01
219,15.09,2.395,9.05,42.66,15.489,2.18,0.1,0.705,5.321,0.003531,10.13
220,15.25,4.28,12.176,41.878,16.124,2.45,3.08,0.7,5.092,0.0042,10.31
221,17.178,0.716,12.671,40.94,17.53,2.824,2.01,0.785,4.911,0.00215,10.3
222,16.57,2.48,16.14,37.295,20.403,3.636,4.049,0.639,4.839,0.006101,10
223,18.6,1.151,14.91,43.066,19.22,1.71,2.115,0.1,2.9573,0.007646,11.37
224,14.77,3.338,10.63,38.27,18.79,2.035,1.706,0.964,6.423,0.00423,10.5
225,19.28,3.183,8.992,42.347,18.001,2.955,0.927,0.1,3.821,0.00634,10.15
226,19.44,5.31,14.66,42.574,18.165,2.2,3.117,2.866,6.1924,0.007756,11.63
227,15.629,3.659,10.827,42.405,19.868,2.34,4.664,1.518,6.168,0.00092,10.05
228,15.6,3.38,16.72,40.277,20.23,3.75,3.292,2.153,6.0626,0.00366,10.6
229,19.908,4.208,11.632,38.832,20.891,1.679,5.925,1.273,5.236,0.00443,10.64
230,17.95,3.49,13.77,40.55,18.498,5.86,4.944,0.551,4.885,0.003755,9.72
231,22.693,3,14.103,38.46,17.624,2.676,5.24,0.173,3.3017,0.006472,10.42
232,20.633,6.32,12.94,38.603,19.648,2.095,3.28,0.1,3.338,0.00498,11.12
233,15.12,2.951,14.09,38.504,16.398,3.845,2.53,0.456,6.1194,0.00242,9.6
234,18.2,4.631,12.797,39.532,18.134,2.551,0.1,0.394,4.088,0.00813,11.23
235,17.066,6.849,14.44,41.524,17.846,2.717,3.07,1.586,4.948,0.00627,11.45
236,18.164,4.487,13.6,41.069,20.382,2.95,1.619,0.1,3.147,0.00654,11.03
237,19.319,1.14,12.31,42.654,18.077,2.36,3.67,0.804,4.5596,0.00652,10.53
238,17.595,2.1,12.89,44.268,18.087,3.52,3.4,0.211,4.6263,0.00432,10.26
