target,material,clr_perm_importance_heldout,clr_model_heldout_r2
MOR_MPa,AG98,9.163584437176149e+24,0.7486061064099587
MOR_MPa,AG22,6.0273847561304255e+25,0.7486061064099587
MOR_MPa,AG23,9.390577629048617e+24,0.7486061064099587
MOR_MPa,Soda Feldspar,6.990257432566286e+24,0.7486061064099587
MOR_MPa,Potash Feldspar,6.687428004773535e+24,0.7486061064099587
MOR_MPa,Crushed Fired Tile,9.44575409387857e+25,0.7486061064099587
MOR_MPa,ETP Sludge,2.0263651413355354e+25,0.7486061064099587
MOR_MPa,Na-Silicate,2.014935998720602e+26,0.7486061064099587
WA_pct,AG98,1.3290098928982575e+26,0.6003372509619442
WA_pct,AG22,8.741616366521824e+26,0.6003372509619442
WA_pct,AG23,1.3619310930779441e+26,0.6003372509619442
WA_pct,Soda Feldspar,1.0138086624813365e+26,0.6003372509619442
WA_pct,Potash Feldspar,9.6988880686611e+25,0.6003372509619442
WA_pct,Crushed Fired Tile,1.36993342754843e+27,0.6003372509619442
WA_pct,ETP Sludge,2.938871069419035e+26,0.6003372509619442
WA_pct,Na-Silicate,2.922295193781572e+27,0.6003372509619442
Shrinkage_pct,AG98,1.595522553506717e+26,0.5642537577110014
Shrinkage_pct,AG22,1.0494614179638239e+27,0.5642537577110014
Shrinkage_pct,AG23,1.635045598185272e+26,0.5642537577110014
Shrinkage_pct,Soda Feldspar,1.21711252457422e+26,0.5642537577110014
Shrinkage_pct,Potash Feldspar,1.1643852118917526e+26,0.5642537577110014
Shrinkage_pct,Crushed Fired Tile,1.6446526787620352e+27,0.5642537577110014
Shrinkage_pct,ETP Sludge,3.52821683131403e+26,0.5642537577110014
Shrinkage_pct,Na-Silicate,3.5083169166747765e+27,0.5642537577110014
