scenario,spearman_rho_vs_baseline,top10_lowest_CO2_overlap
reseed,1.0,10
AG98_x0.5,0.988435308448892,8
AG98_x1.5,0.9854106146457312,7
AG22_x0.5,0.9914243966746172,9
AG22_x1.5,0.9918320805362557,8
AG23_x0.5,0.9846094891534286,7
AG23_x1.5,0.9852539501050143,7
SodaF_x0.5,0.9974515307950415,9
SodaF_x1.5,0.9973037676486833,9
PotashF_x0.5,0.9992772067780559,9
PotashF_x1.5,0.9990973986120059,10
Crushing_x0.5,0.8957005820176703,4
Crushing_x1.5,0.9725320772872468,8
ETP_x0.5,0.9726121898364771,6
ETP_x1.5,0.9771883966763975,8
NaSil_x0.5,0.9494062547427743,7
NaSil_x1.5,0.971970399303199,8
crushed_tile_zero,0.35012344008627233,0
waste_zero,0.28291969295530306,0
AG98_april_0.48,0.6915631249057009,3
MC_00,0.9562087003118606,7
MC_01,0.9885492462966864,8
MC_02,0.9510414408865079,7
MC_03,0.9448923576633663,6
MC_04,0.9629381544472035,8
MC_05,0.9682611882738373,7
MC_06,0.9921106941796899,7
MC_07,0.9512595250483014,7
MC_08,0.950742354036048,6
MC_09,0.9216614986654585,7
MC_10,0.9966726587886362,8
MC_11,0.9931931037337346,8
MC_12,0.9410861214354923,6
MC_13,0.9644113352136047,8
MC_14,0.9851266601656818,8
MC_15,0.8910540541623144,5
MC_16,0.9699088363696733,7
MC_17,0.9658186456617498,7
MC_18,0.9047426184074606,7
MC_19,0.9725124942196572,7
MC_20,0.8082069965849802,4
MC_21,0.9296923366560756,8
MC_22,0.9839863915483043,7
MC_23,0.972217858066377,6
MC_24,0.9797965052235609,6
MC_25,0.9171484917254864,6
MC_26,0.9343085997706112,6
MC_27,0.9885367843445837,7
MC_28,0.9063973876187839,7
MC_29,0.9816070488361651,8
