scenario,regret_mean_pts,regret_max_pts,cost_diff_mean_pct,co2_diff_mean_pct,wtpct_moved_mean,max_single_change_mean,alt_meets_spec_share,spearman_rho_vs_baseline,top10_lowest_CO2_overlap
AG22_x0.5,0.0,0.0,0.0,0.0,0.0,0.0,1.0,0.9914243966746172,9
AG22_x1.5,0.07232788717637754,0.21698366152913262,0.05814977549147837,-0.12461504523962885,0.543716666666667,0.4967666666666665,1.0,0.9918320805362557,8
AG23_x0.5,1.1237000572705564,2.505058133093563,-0.07355054372262988,0.7031244026748892,2.41535,1.830933333333333,1.0,0.9846094891534286,7
AG23_x1.5,0.5782532931687456,1.734759879506237,0.9641874588362483,-2.1553512173097866,0.8831833333333335,0.7009333333333334,1.0,0.9852539501050143,7
AG98_april_0.48,3.0476920549613333,5.082572566226343,2.2027771037747077,-3.225065937520492,2.2062166666666663,1.6966666666666665,1.0,0.6915631249057009,3
AG98_x0.5,0.8201278390989737,1.738655121605187,0.3994963611217835,-0.885308262173142,1.7562333333333324,1.5860666666666656,1.0,0.988435308448892,8
AG98_x1.5,0.011500839227978251,0.03450251768393475,-0.044191118644850334,0.11369372401472215,0.3460500000000008,0.2487666666666667,1.0,0.9854106146457312,7
Crushing_x0.5,9.58465815821311,14.602238695750374,3.5904975529652177,-3.5766103950939896,2.883133333333333,2.370366666666667,1.0,0.8957005820176703,4
Crushing_x1.5,0.34772688229724086,1.0431806468917226,-0.4095139064328272,1.7547601010296991,0.4221666666666672,0.2511,1.0,0.9725320772872468,8
ETP_x0.5,0.09865661788777587,0.2959698536633276,-0.15479936083128512,0.5142269684865974,0.3430833333333341,0.1823333333333347,1.0,0.9726121898364771,6
ETP_x1.5,0.17163049740341516,0.5148914922102454,0.2321813176865047,-0.5389703067328852,0.7233333333333333,0.5817666666666668,1.0,0.9771883966763975,8
MC_00,0.8843909121207508,2.5845470792541514,0.5048245250737734,-1.2379598665476148,2.01705,1.3789333333333342,1.0,0.9562087003118606,7
MC_01,0.2001754038867228,0.6005262116601684,0.35839804880744747,-0.9251150002744531,0.9702666666666663,0.6055999999999996,1.0,0.9885492462966864,8
MC_02,0.0,0.0,0.0,0.0,0.0,0.0,1.0,0.9510414408865079,7
MC_03,4.811140329021014,8.65248050247348,5.353909223650962,-10.103289260046525,5.172533333333335,4.166366666666668,1.0,0.9448923576633663,6
MC_04,1.759256746471081,2.9758465237357257,-0.24225563457139035,1.058833246655529,1.0758,0.6915666666666667,1.0,0.9629381544472035,8
MC_05,0.0,0.0,0.0,0.0,0.0,0.0,1.0,0.9682611882738373,7
MC_06,0.11647356388366041,0.3494206916509812,0.35012173648449885,-0.9115969659396613,0.30821666666666697,0.23476666666666668,1.0,0.9921106941796899,7
MC_07,2.0311032451241626,4.198919861412909,0.6800131117459585,-0.7414326819533429,3.7991999999999995,3.0246666666666666,1.0,0.9512595250483014,7
MC_08,3.4102192631624653,6.216164603579077,0.9846492978489607,-0.8675986840062692,2.7904,2.0716666666666668,1.0,0.950742354036048,6
MC_09,0.0,0.0,0.0,0.0,0.0,0.0,1.0,0.9216614986654585,7
MC_10,0.8198796351978103,2.459638905593431,0.037911019133958966,0.34822677441754823,0.37226666666666697,0.2563999999999999,1.0,0.9966726587886362,8
MC_11,0.0,0.0,0.0,0.0,0.0,0.0,1.0,0.9931931037337346,8
MC_12,3.8649733540899796,7.923007112575431,3.670568824829901,-4.855689708073936,3.6580666666666666,2.5886,1.0,0.9410861214354923,6
MC_13,1.2291189148294357,3.0138268118171663,1.5411156359769567,-2.4836237694892183,3.0115500000000015,2.0438000000000005,1.0,0.9644113352136047,8
MC_14,0.5875111272825714,1.762533381847714,0.04408299571477444,0.17427687390931812,0.3647166666666665,0.31620000000000026,1.0,0.9851266601656818,8
MC_15,10.066892320329115,20.417943934552152,3.980330285923772,-4.741550910381901,4.207733333333333,3.0203333333333333,1.0,0.8910540541623144,5
MC_16,0.19086533072714315,0.5289163931716079,-0.3105326920653684,1.2849118994728737,2.1953999999999994,1.4795666666666663,1.0,0.9699088363696733,7
MC_17,0.0,0.0,0.0,0.0,0.0,0.0,1.0,0.9658186456617498,7
MC_18,0.9638542455567372,2.7437841686134226,0.3178514071638457,-0.3722421347968445,3.387116666666668,2.3755666666666673,1.0,0.9047426184074606,7
MC_19,0.720401945015479,2.161205835046437,0.8005397105017057,-2.0352360879948295,1.0072499999999995,0.7641666666666662,1.0,0.9725124942196572,7
MC_20,7.6427797370450365,7.863300606497392,1.5136502584746376,-0.47236715564354564,7.224233333333335,4.645566666666666,1.0,0.8082069965849802,4
MC_21,1.3471949348006849,2.378465545348596,-0.25250755242853806,2.03802887025449,1.5924166666666657,1.4068999999999992,1.0,0.9296923366560756,8
MC_22,0.6730616985106316,2.0191850955318946,1.3292421406652766,-3.3595728445178774,1.3038166666666673,0.8606333333333334,1.0,0.9839863915483043,7
MC_23,1.5621116587438533,3.87951987717749,2.279717727992603,-5.747400309737446,1.982550000000001,1.4582333333333335,1.0,0.972217858066377,6
MC_24,0.8802150451037901,2.6406451353113702,1.8219111071450245,-3.077688452660006,1.3000333333333325,1.1370666666666667,1.0,0.9797965052235609,6
MC_25,1.7130506615687953,4.691399152691544,-0.3235584949243882,1.849805176185219,1.179733333333334,0.8612000000000007,1.0,0.9171484917254864,6
MC_26,2.3661849068646235,3.7485266332625127,0.3461707617619325,0.03783352277459592,2.228783333333334,1.913966666666667,1.0,0.9343085997706112,6
MC_27,0.6531895655743155,0.764216143678792,0.4870570589782612,-1.226982854674415,2.1993666666666676,1.7155333333333331,1.0,0.9885367843445837,7
MC_28,1.041441939205275,1.7200115465281995,0.2064741138419738,-0.20527704209116018,2.382683333333333,1.9083333333333332,1.0,0.9063973876187839,7
MC_29,0.3190840139131225,0.9572520417393676,0.04234791440777356,0.020527596740508674,0.5376666666666664,0.4631333333333334,1.0,0.9816070488361651,8
NaSil_x0.5,0.3947075157794855,1.1841225473384565,-0.3586286431133086,1.069233185846367,0.582833333333333,0.3684666666666671,1.0,0.9494062547427743,7
NaSil_x1.5,1.2826418535011097,3.847925560503329,1.8354083399592918,-4.203201115035237,1.3609833333333343,1.0833666666666666,1.0,0.971970399303199,8
PotashF_x0.5,0.6162984387592588,1.8488953162777766,-0.07862128149900653,0.49812871315285295,0.22823333333333348,0.1679666666666666,1.0,0.9992772067780559,9
PotashF_x1.5,0.4965108894609512,1.1101709398937287,0.4300006133570548,-0.9128427537766955,0.7790499999999998,0.5389666666666669,1.0,0.9990973986120059,10
SodaF_x0.5,0.0,0.0,0.0,0.0,0.0,0.0,1.0,0.9974515307950415,9
SodaF_x1.5,0.42327036530422174,1.0353075575616821,0.07560568912304462,-0.02319890789394356,0.8163333333333341,0.5257333333333344,1.0,0.9973037676486833,9
crushed_tile_zero,53.248320051333906,62.1688692639613,5.718834688536252,5.147580235813646,8.030999999999999,5.118033333333332,1.0,0.35012344008627233,0
reseed,0.30548555455297927,0.9164566636589377,-0.044887603243382035,0.2442641189826622,0.33753333333333363,0.3063333333333329,1.0,1.0,10
waste_zero,47.29854531571101,62.912353805895606,6.793455114966608,1.5037103150418247,9.157200000000001,5.394633333333335,1.0,0.28291969295530306,0
