scenario,target_name,CO2_alt_recipe_under_alt,CO2_baseline_recipe_under_alt,objective_regret_points,cost_diff_pct,co2_diff_pct,wtpct_moved,max_single_change_wtpct,alt_meets_spec_at_k
reseed,low_MOR,0.0867363974,0.0867363974,0.0,0.0,0.0,0.0,0.0,True
reseed,mid_MOR,0.08893577680000002,0.08958749137498273,0.9164566636589377,-0.1346628097301461,0.7327923569479866,1.0126000000000008,0.9189999999999987,True
reseed,high_MOR,0.08921626978373022,0.08921626978373022,0.0,0.0,0.0,0.0,0.0,True
AG98_x0.5,low_MOR,0.07801480997038006,0.0776125499,1.738655121605187,0.4336666767194908,-0.5156201374236336,2.245699999999998,1.9206999999999983,True
AG98_x0.5,mid_MOR,0.08008307486614973,0.08008307486614973,0.0,0.0,0.0,0.0,0.0,True
AG98_x0.5,high_MOR,0.08100938740938742,0.07927553972446028,0.7217283956917342,0.7648224066458598,-2.140304649095792,3.022999999999999,2.8374999999999986,True
AG98_x1.5,low_MOR,0.09553439506560493,0.0958602449,0.03450251768393475,-0.132573355934551,0.34108117204416644,1.0381500000000023,0.7463000000000001,True
AG98_x1.5,mid_MOR,0.09909190788381576,0.09909190788381576,0.0,0.0,0.0,0.0,0.0,True
AG98_x1.5,high_MOR,0.09915699984300015,0.09915699984300015,0.0,0.0,0.0,0.0,0.0,True
AG22_x0.5,low_MOR,0.0862924439,0.0862924439,0.0,0.0,0.0,0.0,0.0,True
AG22_x0.5,mid_MOR,0.08948100166200332,0.08948100166200332,0.0,0.0,0.0,0.0,0.0,True
AG22_x0.5,high_MOR,0.08827973072026928,0.08827973072026928,0.0,0.0,0.0,0.0,0.0,True
AG22_x1.5,low_MOR,0.08750749340749342,0.08718035089999998,0.21698366152913262,0.17444932647443512,-0.37384513571888656,1.631150000000001,1.4902999999999995,True
AG22_x1.5,mid_MOR,0.08969398108796216,0.08969398108796216,0.0,0.0,0.0,0.0,0.0,True
AG22_x1.5,high_MOR,0.09015280884719114,0.09015280884719114,0.0,0.0,0.0,0.0,0.0,True
AG23_x0.5,low_MOR,0.07862181489999999,0.0800296229,0.12540084856881295,-0.5994558182344067,1.7906073547025336,1.315700000000001,0.6021999999999998,True
AG23_x0.5,mid_MOR,0.0812838056,0.08289102348204695,2.505058133093563,-0.31695695712655736,1.9772916267677187,2.8884999999999996,2.3231,True
AG23_x0.5,high_MOR,0.08541347499999999,0.08399687050312948,0.7406411901492937,0.6957611441930744,-1.658525773445585,3.04185,2.567499999999999,True
AG23_x1.5,low_MOR,0.09344317189999998,0.09344317189999998,0.0,0.0,0.0,0.0,0.0,True
AG23_x1.5,mid_MOR,0.10294012284012286,0.09628395926791852,1.734759879506237,2.892562376508745,-6.46605365192936,2.6495500000000005,2.1028000000000002,True
AG23_x1.5,high_MOR,0.09443566906433092,0.09443566906433092,0.0,0.0,0.0,0.0,0.0,True
SodaF_x0.5,low_MOR,0.07493077989999998,0.07493077989999998,0.0,0.0,0.0,0.0,0.0,True
SodaF_x0.5,mid_MOR,0.07803704577409155,0.07803704577409155,0.0,0.0,0.0,0.0,0.0,True
SodaF_x0.5,high_MOR,0.07766922433077567,0.07766922433077567,0.0,0.0,0.0,0.0,0.0,True
SodaF_x1.5,low_MOR,0.09853259673259673,0.09854201489999997,1.0353075575616821,0.15617049278213724,0.009558428089340154,1.3932500000000005,0.6887000000000043,True
SodaF_x1.5,mid_MOR,0.10121805628194375,0.10113793697587395,0.23450353835098303,0.07064657458699664,-0.07915515177117083,1.0557500000000022,0.8884999999999987,True
SodaF_x1.5,high_MOR,0.10076331523668475,0.10076331523668475,0.0,0.0,0.0,0.0,0.0,True
PotashF_x0.5,low_MOR,0.0822495316,0.08347865719999999,1.8488953162777766,-0.23586384449701958,1.494386139458559,0.6847000000000004,0.5038999999999998,True
PotashF_x0.5,mid_MOR,0.08633434926869853,0.08633434926869853,0.0,0.0,0.0,0.0,0.0,True
PotashF_x0.5,high_MOR,0.08598032601967397,0.08598032601967397,0.0,0.0,0.0,0.0,0.0,True
PotashF_x1.5,low_MOR,0.0899941376,0.0899941376,0.0,0.0,0.0,0.0,0.0,True
PotashF_x1.5,mid_MOR,0.09227410342589659,0.09284063348126696,1.1101709398937287,-0.07108404123606915,0.6139643023736818,1.0261500000000008,0.8991000000000007,True
PotashF_x1.5,high_MOR,0.09565918045918045,0.09245221354778646,0.37936172848912486,1.3610858813072335,-3.3524925637037684,1.3109999999999984,0.7178,True
Crushing_x0.5,low_MOR,0.08175306089999998,0.08175306089999998,0.0,0.0,0.0,0.0,0.0,True
Crushing_x0.5,mid_MOR,0.09027799842200157,0.0852017121034242,14.602238695750374,5.677729625652805,-5.62294956391084,3.9275499999999988,3.6904000000000003,True
Crushing_x0.5,high_MOR,0.0933461598,0.08857908192091807,14.151735778888952,5.0937630332428485,-5.106881621371128,4.721849999999999,3.4207,True
Crushing_x1.5,low_MOR,0.09171973389999999,0.09171973389999999,0.0,0.0,0.0,0.0,0.0,True
Crushing_x1.5,mid_MOR,0.08927365520000001,0.09397327064654129,1.0431806468917226,-1.2285417192984815,5.264280303089097,1.2665000000000015,0.7533,True
Crushing_x1.5,high_MOR,0.08985345764654235,0.08985345764654235,0.0,0.0,0.0,0.0,0.0,True
ETP_x0.5,low_MOR,0.0787073530926469,0.07992155639999998,0.2959698536633276,-0.4643980824938554,1.5426809054597923,1.0292500000000022,0.5470000000000041,True
ETP_x0.5,mid_MOR,0.08247497614995229,0.08247497614995229,0.0,0.0,0.0,0.0,0.0,True
ETP_x0.5,high_MOR,0.08214648885351114,0.08214648885351114,0.0,0.0,0.0,0.0,0.0,True
ETP_x1.5,low_MOR,0.09355123839999997,0.09355123839999997,0.0,0.0,0.0,0.0,0.0,True
ETP_x1.5,mid_MOR,0.0967000066000132,0.0967000066000132,0.0,0.0,0.0,0.0,0.0,True
ETP_x1.5,high_MOR,0.09786849713150286,0.09628605071394929,0.5148914922102454,0.6965439530595141,-1.6169109201986553,2.17,1.7453000000000003,True
NaSil_x0.5,low_MOR,0.0865043094,0.0865043094,0.0,0.0,0.0,0.0,0.0,True
NaSil_x0.5,mid_MOR,0.08468651309999999,0.08740300200600398,1.1841225473384565,-1.0758859293399259,3.207699557539101,1.748499999999999,1.1054000000000013,True
NaSil_x0.5,high_MOR,0.08319476130523869,0.08319476130523869,0.0,0.0,0.0,0.0,0.0,True
NaSil_x1.5,low_MOR,0.0869684854,0.0869684854,0.0,0.0,0.0,0.0,0.0,True
NaSil_x1.5,mid_MOR,0.10501380501380501,0.09177198074396146,3.847925560503329,5.506225019877875,-12.609603345105713,4.082950000000003,3.2500999999999998,True
NaSil_x1.5,high_MOR,0.09523777826222173,0.09523777826222173,0.0,0.0,0.0,0.0,0.0,True
crushed_tile_zero,low_MOR,0.07277868080000001,0.07676972439999998,39.75591667386212,3.626104148961806,5.483808659527067,6.305999999999999,4.533999999999999,True
crushed_tile_zero,mid_MOR,0.07754537380000001,0.08081593283186564,57.82017421617831,7.135405865049083,4.217606894643189,7.0158999999999985,5.2517,True
crushed_tile_zero,high_MOR,0.08316700583299415,0.08794189405810594,62.1688692639613,6.394994051597869,5.741325153270682,10.771099999999997,5.568399999999997,True
waste_zero,low_MOR,0.06316695923304078,0.06314004239999998,30.411129557254572,4.955992684358224,-0.04261220322714365,8.194450000000002,5.888800000000003,True
waste_zero,mid_MOR,0.065796431,0.06659090238180475,48.572152583982856,7.332827808596365,1.2074688090677022,9.2413,4.872900000000001,True
waste_zero,high_MOR,0.07141266839999999,0.07380233219766781,62.912353805895606,8.091544851945232,3.346274339284916,10.03585,5.4222,True
AG98_april_0.48,low_MOR,0.1376250658501317,0.1363871024,1.3414432545241175,0.6562380383321686,-0.899518879416783,0.8374000000000001,0.5052000000000001,True
AG98_april_0.48,mid_MOR,0.1509500330499669,0.14130919981839965,5.082572566226343,4.360492086965517,-6.386771196251395,3.5274499999999986,3.1727,True
AG98_april_0.48,high_MOR,0.1468197234197234,0.1433123356876643,2.7190603441335393,1.5916011860264367,-2.3889077368932976,2.2538,1.4121,True
MC_00,low_MOR,0.08857433975431932,0.08482767213772896,0.0686256571081012,1.2699103907871212,-4.2299695679161475,3.085000000000001,2.355500000000001,True
MC_00,mid_MOR,0.0860421851630915,0.0860421851630915,0.0,0.0,0.0,0.0,0.0,True
MC_00,high_MOR,0.08062085214501645,0.08103692827527334,2.5845470792541514,0.2445631844341989,0.5160899682733033,2.9661499999999994,1.7813000000000017,True
MC_01,low_MOR,0.10928405520252547,0.10928405520252547,0.0,0.0,0.0,0.0,0.0,True
MC_01,mid_MOR,0.11637167769563181,0.11314196215633182,0.6005262116601684,1.0751941464223425,-2.7753450008233593,2.9107999999999987,1.8167999999999989,True
MC_01,high_MOR,0.11178708714956939,0.11178708714956939,0.0,0.0,0.0,0.0,0.0,True
MC_02,low_MOR,0.07768817196970107,0.07768817196970107,0.0,0.0,0.0,0.0,0.0,True
MC_02,mid_MOR,0.07903022686317755,0.07903022686317755,0.0,0.0,0.0,0.0,0.0,True
MC_02,high_MOR,0.07576900003450095,0.07576900003450095,0.0,0.0,0.0,0.0,0.0,True
MC_03,low_MOR,0.07720494554336843,0.07761491238451185,2.737477859193485,0.2442551801367543,0.5310111136768159,1.1293500000000014,0.9321999999999999,True
MC_03,mid_MOR,0.09548768222151845,0.08200452040900727,3.043462625396076,6.695452361799159,-14.120315310651355,6.135150000000003,4.7154000000000025,True
MC_03,high_MOR,0.10406468295890525,0.08666448147714238,8.65248050247348,9.122020129016972,-16.72056358316504,8.2531,6.8515000000000015,True
MC_04,low_MOR,0.1055012444494303,0.10584830913225264,2.3019237156775176,0.19367852603278113,0.32896738292853556,1.1069000000000007,0.6005000000000003,True
MC_04,mid_MOR,0.10524481850683756,0.10824169876792573,2.9758465237357257,-0.9204454297469522,2.8475323570380517,2.1205,1.4741999999999997,True
MC_04,high_MOR,0.10784306138797388,0.10784306138797388,0.0,0.0,0.0,0.0,0.0,True
MC_05,low_MOR,0.09079600184989195,0.09079600184989195,0.0,0.0,0.0,0.0,0.0,True
MC_05,mid_MOR,0.09266797186815325,0.09266797186815325,0.0,0.0,0.0,0.0,0.0,True
MC_05,high_MOR,0.09052857174017773,0.09052857174017773,0.0,0.0,0.0,0.0,0.0,True
MC_06,low_MOR,0.0887107446392134,0.0887107446392134,0.0,0.0,0.0,0.0,0.0,True
MC_06,mid_MOR,0.0924427396875237,0.0924427396875237,0.0,0.0,0.0,0.0,0.0,True
MC_06,high_MOR,0.09601342683608248,0.0933876603782852,0.3494206916509812,1.0503652094534965,-2.734790897818984,0.9246500000000009,0.7043,True
MC_07,low_MOR,0.08653840223883566,0.08653840223883566,0.0,0.0,0.0,0.0,0.0,True
MC_07,mid_MOR,0.08596742253285933,0.0879845432344295,4.198919861412909,-0.46489685846012874,2.346378014065942,2.363850000000001,2.2368000000000006,True
MC_07,high_MOR,0.09136737320933049,0.0871912665554684,1.8943898739595788,2.504936193698004,-4.570676059925971,9.033749999999998,6.837199999999999,True
MC_08,low_MOR,0.08581258583041337,0.08581258583041337,0.0,0.0,0.0,0.0,0.0,True
MC_08,mid_MOR,0.08674890980656329,0.08865666073411609,4.014493185908319,-0.4195244276018917,2.1991641529637507,2.0959499999999998,1.8467000000000002,True
MC_08,high_MOR,0.09611010395446012,0.09149493500959958,6.216164603579077,3.373472321148774,-4.801960204982558,6.27525,4.3683,True
MC_09,low_MOR,0.09586801634976021,0.09586801634976021,0.0,0.0,0.0,0.0,0.0,True
MC_09,mid_MOR,0.09694399307268238,0.09694399307268238,0.0,0.0,0.0,0.0,0.0,True
MC_09,high_MOR,0.09157326518392885,0.09157326518392885,0.0,0.0,0.0,0.0,0.0,True
MC_10,low_MOR,0.07018548402966866,0.07091869797110624,2.459638905593431,0.11373305740187689,1.0446803232526447,1.116800000000001,0.7691999999999997,True
MC_10,mid_MOR,0.073966244265511,0.073966244265511,0.0,0.0,0.0,0.0,0.0,True
MC_10,high_MOR,0.07374322052484564,0.07374322052484564,0.0,0.0,0.0,0.0,0.0,True
MC_11,low_MOR,0.09422020656959122,0.09422020656959122,0.0,0.0,0.0,0.0,0.0,True
MC_11,mid_MOR,0.09736504332486486,0.09736504332486486,0.0,0.0,0.0,0.0,0.0,True
MC_11,high_MOR,0.09550461284383269,0.09550461284383269,0.0,0.0,0.0,0.0,0.0,True
MC_12,low_MOR,0.08641703782503223,0.08665093762144209,0.9573761971540834,-0.00011235884447291511,0.2706639828171875,1.4621499999999998,0.9441000000000006,True
MC_12,mid_MOR,0.09500952696010144,0.0893332438764695,2.7145367525404254,4.112159925503778,-5.974435685818802,2.7637000000000005,2.6536999999999997,True
MC_12,high_MOR,0.10144555634274237,0.0924541349634736,7.923007112575431,6.899658907830397,-8.863297421220196,6.74835,4.168,True
MC_13,low_MOR,0.1028278734083548,0.10217485111722872,0.6735299326711408,0.41527960902816297,-0.6350634993031123,1.9711500000000022,1.2709000000000001,True
MC_13,mid_MOR,0.1126895808418445,0.10500887559071127,3.0138268118171663,4.208067298902707,-6.815807809164543,7.063500000000002,4.860500000000002,True
MC_13,high_MOR,0.10391390739177984,0.10391390739177984,0.0,0.0,0.0,0.0,0.0,True
MC_14,low_MOR,0.06932164697244321,0.06968408177030129,1.762533381847714,0.13224898714432332,0.5228306217279544,1.0941499999999995,0.9486000000000008,True
MC_14,mid_MOR,0.0729987848595615,0.0729987848595615,0.0,0.0,0.0,0.0,0.0,True
MC_14,high_MOR,0.07256085321125356,0.07256085321125356,0.0,0.0,0.0,0.0,0.0,True
MC_15,low_MOR,0.07972724556124026,0.08111096676096219,0.497254009232026,-0.6188860894097648,1.7355688008299008,1.2522000000000006,0.7728999999999999,True
MC_15,mid_MOR,0.0935276754546276,0.08572553185217001,9.285479017203164,5.588682025924174,-8.342069408367358,4.35745,3.5442,True
MC_15,high_MOR,0.09944195877169687,0.0918663190777732,20.417943934552152,6.971194921256907,-7.618152123608246,7.013549999999997,4.7439,True
MC_16,low_MOR,0.10079635279983018,0.09881658150838245,0.043679599009821546,0.6008921166041903,-1.9641298880916147,2.2135,1.105599999999999,True
MC_16,mid_MOR,0.0958678135433513,0.10144623275416517,0.5289163931716079,-1.5324901928002954,5.818865586510236,4.372699999999998,3.3331,True
MC_16,high_MOR,0.09804057032306458,0.09804057032306458,0.0,0.0,0.0,0.0,0.0,True
MC_17,low_MOR,0.08764924183907,0.08764924183907,0.0,0.0,0.0,0.0,0.0,True
MC_17,mid_MOR,0.08963810505133168,0.08963810505133168,0.0,0.0,0.0,0.0,0.0,True
MC_17,high_MOR,0.0900671922985047,0.0900671922985047,0.0,0.0,0.0,0.0,0.0,True
MC_18,low_MOR,0.08728022124094534,0.08728022124094534,0.0,0.0,0.0,0.0,0.0,True
MC_18,mid_MOR,0.08889168606858482,0.09057192929435522,2.7437841686134226,-0.402694446332863,1.890214147219571,2.1050500000000003,1.8819999999999997,True
MC_18,high_MOR,0.09444985621297627,0.09160980518557085,0.1477785680567889,1.3562486678244001,-3.0069405516101044,8.056300000000004,5.244700000000002,True
MC_19,low_MOR,0.07846196784525815,0.07846196784525815,0.0,0.0,0.0,0.0,0.0,True
MC_19,mid_MOR,0.08802540339090434,0.08265082906166021,2.161205835046437,2.401619131505117,-6.105708263984488,3.0217499999999986,2.2924999999999986,True
MC_19,high_MOR,0.08400371708010879,0.08400371708010879,0.0,0.0,0.0,0.0,0.0,True
MC_20,low_MOR,0.0885045591003359,0.09152956800902778,7.4963589553269925,-0.8323060294115558,3.4179130876890618,3.866150000000001,3.1095,True
MC_20,mid_MOR,0.09600268634467303,0.0933163916742789,7.863300606497392,3.0310291918918653,-2.7981453151734503,5.530300000000002,3.7457000000000003,True
MC_20,high_MOR,0.09538417789004311,0.09344132691130214,7.568679649310727,2.3422276129436037,-2.0368692394462484,12.276250000000001,7.0815,True
MC_21,low_MOR,0.08272150080643226,0.08272150080643226,0.0,0.0,0.0,0.0,0.0,True
MC_21,mid_MOR,0.07899710364954864,0.08344506406032931,1.6631192590534583,-1.001502233737006,5.630536064351133,2.3396499999999993,2.135299999999999,True
MC_21,high_MOR,0.07643836014718007,0.07680797825534039,2.378465545348596,0.2439795764513919,0.48355054641233686,2.437599999999997,2.085399999999998,True
MC_22,low_MOR,0.10085801075231735,0.10085801075231735,0.0,0.0,0.0,0.0,0.0,True
MC_22,mid_MOR,0.11801187665267523,0.1061177917686876,2.0191850955318946,3.9877264219958297,-10.078718533553632,3.911450000000002,2.5819,True
MC_22,high_MOR,0.10658768572410648,0.10658768572410648,0.0,0.0,0.0,0.0,0.0,True
MC_23,low_MOR,0.07072900149028565,0.07072900149028565,0.0,0.0,0.0,0.0,0.0,True
MC_23,mid_MOR,0.08271734200989003,0.07373565167516728,3.87951987717749,4.623553452043039,-10.85829176383456,4.2288000000000014,2.7857000000000003,True
MC_23,high_MOR,0.07949345879195933,0.07441866859026364,0.8068150990540701,2.21559973193477,-6.383909165377776,1.7188500000000015,1.589,True
MC_24,low_MOR,0.08446567586109409,0.08446567586109409,0.0,0.0,0.0,0.0,0.0,True
MC_24,mid_MOR,0.08692752351115937,0.08692752351115937,0.0,0.0,0.0,0.0,0.0,True
MC_24,high_MOR,0.09645280779926287,0.08754725701555008,2.6406451353113702,5.465733321435073,-9.233065357980019,3.9000999999999975,3.4112,True
MC_25,low_MOR,0.09172221596883155,0.09229428819473028,0.4477528320148416,-0.136703605547972,0.6237008339322392,1.354950000000001,0.8543000000000021,True
MC_25,mid_MOR,0.08904618902954177,0.09343235024757206,4.691399152691544,-0.8339718792251927,4.925714694623418,2.184250000000001,1.7293000000000003,True
MC_25,high_MOR,0.0902102561946422,0.0902102561946422,0.0,0.0,0.0,0.0,0.0,True
MC_26,low_MOR,0.08143069565925355,0.08254062434217294,3.7485266332625127,0.07299404020102429,1.363034754810255,1.5679000000000012,1.2720000000000002,True
MC_26,mid_MOR,0.08345476892762373,0.08438126529784898,1.487509115730401,-0.18944589448945948,1.1101778629676096,1.3458000000000006,1.2067000000000014,True
MC_26,high_MOR,0.08690710404017345,0.08485634663430588,1.8625189716009571,1.1549641395742327,-2.359712049454077,3.7726499999999996,3.2631999999999994,True
MC_27,low_MOR,0.0784209745323614,0.07783464175111098,0.4481107121521999,0.30265983128712204,-0.7476734186827261,2.1318500000000022,1.8489000000000004,True
MC_27,mid_MOR,0.08238873645840922,0.08060866143590445,0.764216143678792,0.8170413878140437,-2.1605805587313176,2.288500000000002,1.6913999999999998,True
MC_27,high_MOR,0.08139711222692782,0.08076816114709413,0.7472418408919546,0.3414699578336178,-0.7726945866092017,2.1777499999999987,1.6062999999999992,True
MC_28,low_MOR,0.0948256507093992,0.0948256507093992,0.0,0.0,0.0,0.0,0.0,True
MC_28,mid_MOR,0.09488553890409875,0.09558898737735122,1.7200115465281995,0.03132193765713609,0.7413653138055754,4.076600000000003,2.770200000000001,True
MC_28,high_MOR,0.09070057363404475,0.08946958867755221,1.4043142710876255,0.5881004038687854,-1.357196440079056,3.071449999999997,2.9547999999999988,True
MC_29,low_MOR,0.08872338115689858,0.08877801949059388,0.9572520417393676,0.12704374322332068,0.06158279022152602,1.6129999999999993,1.3894000000000002,True
MC_29,mid_MOR,0.09138240503534394,0.09138240503534394,0.0,0.0,0.0,0.0,0.0,True
MC_29,high_MOR,0.08966325565463326,0.08966325565463326,0.0,0.0,0.0,0.0,0.0,True
