material,target,pearson_r,pearson_p,spearman_rho,spearman_p,pearson_p_fdr,spearman_p_fdr,clr_r,sign_flip_clr
AG98,MOR_MPa,-0.25728117364327824,5.917978730889713e-05,-0.25423680534726284,7.281306615004622e-05,0.00010925499195488701,0.00014562613230009245,-0.6560285869524894,False
AG98,WA_pct,0.3824735932790787,1.0404335387908823e-09,0.3840437577285186,8.774617416512294e-10,3.567200704425882e-09,3.5098469666049176e-09,0.49370675507135925,False
AG98,Shrinkage_pct,0.4288600933078448,4.5641137758863505e-12,0.45518320671970147,1.4189157081699168e-13,5.4769365310636206e-11,1.7026988498039002e-12,0.11702852447057117,False
AG22,MOR_MPa,-0.14936574509292025,0.021160032739108398,-0.1395189439341664,0.03142921070851042,0.028213376985477864,0.0419056142780139,-0.3475450584617584,False
AG22,WA_pct,0.2706998756910585,2.3010569002464667e-05,0.25980906390220926,4.9723762052427696e-05,4.6021138004929335e-05,0.0001084882081143877,0.33596543172177706,False
AG22,Shrinkage_pct,0.31876043760375145,5.077566128645758e-07,0.321621923155373,3.957416749389035e-07,1.3540176343055355e-06,1.0553111331704094e-06,0.22686030794125026,False
AG23,MOR_MPa,-0.10147126717099063,0.11847349166926444,-0.09997547657147163,0.12402850162706477,0.1421681900031173,0.14883420195247773,-0.6253079160769085,False
AG23,WA_pct,0.30651011233617836,1.4338887028312864e-06,0.30254623350221016,1.986579096286288e-06,3.4413328867950874e-06,4.767789831087091e-06,0.5354919679999912,False
AG23,Shrinkage_pct,0.4246168599056613,7.76972859423805e-12,0.4270891568594779,5.7039826940403935e-12,6.21578287539044e-11,4.563186155232315e-11,0.21533766323863696,False
Soda Feldspar,MOR_MPa,-0.20085844916490914,0.0018445828806431899,-0.22059375940211035,0.0006090361926330231,0.002951332609029104,0.001044062044513754,-0.6285096195817804,False
Soda Feldspar,WA_pct,0.047395705672766075,0.46676978193710866,0.07454401939445164,0.25198178853437647,0.5092033984768458,0.28797918689643026,0.3693222621611765,False
Soda Feldspar,Shrinkage_pct,0.1817109608471238,0.0049236144535852525,0.16085196889859282,0.012968294666602683,0.006950985110943887,0.018308180705792022,-0.023550063539953665,True
Potash Feldspar,MOR_MPa,0.03111511040802853,0.6329285359105421,0.039629078236723576,0.5429302058616082,0.6604471679066526,0.566535866986026,-0.5999761308291046,True
Potash Feldspar,WA_pct,-0.08652939583925033,0.18339343093070834,-0.06704149063182659,0.3030195103556814,0.2095924924922381,0.33056673856983426,0.3383615210813197,True
Potash Feldspar,Shrinkage_pct,-0.01134950761815043,0.8617275736981572,0.007414939286561955,0.9094031404083335,0.8617275736981572,0.9094031404083335,-0.06631780569775157,False
Crushed Fired Tile,MOR_MPa,0.20183367122267998,0.0017503487580694244,0.18222406878868275,0.004801390761650594,0.002951332609029104,0.007202086142475891,-0.08066579535533547,True
Crushed Fired Tile,WA_pct,-0.391962054647074,3.6652260561732615e-10,-0.3679018736141618,4.845949948265076e-09,1.7593085069631654e-09,1.6614685536908833e-08,-0.2628685686870223,False
Crushed Fired Tile,Shrinkage_pct,-0.41205547502275647,3.59547958270478e-11,-0.38775919888212784,5.842376180631217e-10,2.1572877496228683e-10,3.5054257083787306e-09,-0.4275163962648581,False
ETP Sludge,MOR_MPa,0.10198711739919962,0.11660336081268048,0.13079866896647663,0.04380954242998407,0.1421681900031173,0.05533836938524303,-0.06669046739895015,True
ETP Sludge,WA_pct,-0.1991054278574971,0.002025699073887029,-0.21871652208859904,0.0006796497231770497,0.0030385486108305436,0.0010874395570832794,-0.06400779862689955,False
ETP Sludge,Shrinkage_pct,-0.34529554519165195,4.550860898606997e-08,-0.3425692646449536,5.8927750097799784e-08,1.365258269582099e-07,1.7678325029339936e-07,-0.31683043478328726,False
Na-Silicate,MOR_MPa,0.8814657103074225,7.472275327781857e-79,0.8621384877766897,1.2431132143586412e-71,1.793346078667646e-77,2.983471714460739e-70,0.799287704380512,False
Na-Silicate,WA_pct,-0.39029722613886086,4.4121685663385123e-10,-0.38506730693258306,7.848509650437442e-10,1.764867426535405e-09,3.5098469666049176e-09,-0.3557447213203287,False
Na-Silicate,Shrinkage_pct,0.27185689485551234,2.116021856455549e-05,0.2428741977079743,0.00015434791781139914,4.6021138004929335e-05,0.00028495000211335226,0.2646744377505548,False
