target,model,nested_cv_r2_mean,nested_cv_r2_sd,nested_cv_mae_mean,selected
MOR_MPa,LinearRegression,0.9409726099869751,0.014644943546260792,2.7903380832056617,True
MOR_MPa,CatBoost,0.9045820721301177,0.01376494880540451,3.5393796051571997,False
MOR_MPa,MLP,0.8947435945172921,0.0346706220681934,3.5537997949232123,False
MOR_MPa,LGBM,0.8775580976931877,0.01596338970827306,4.05096276134495,False
MOR_MPa,XGB,0.8729757014126458,0.019903775098798475,4.093868207534937,False
MOR_MPa,RandomForest,0.8459620205962924,0.019465393105875303,4.599940356203894,False
Shrinkage_pct,LinearRegression,0.8475553659837031,0.02985201143575178,0.18048998616303688,True
Shrinkage_pct,MLP,0.8132826372248326,0.04853605259429154,0.19265540533726508,False
Shrinkage_pct,CatBoost,0.7851581943487148,0.05132100782862418,0.2089409418882484,False
Shrinkage_pct,XGB,0.7256878701590395,0.05463271558964121,0.2356653483541388,False
Shrinkage_pct,LGBM,0.7153094072875129,0.07923432121050504,0.24302647478105754,False
Shrinkage_pct,RandomForest,0.6122446307249346,0.0706738957850549,0.28713240350787345,False
WA_pct,LinearRegression,0.5988847898801511,0.07906494719190227,0.10480957758395304,True
WA_pct,MLP,0.47559415841866637,0.12049228483762463,0.12113519750605761,False
WA_pct,CatBoost,0.4546444955698846,0.05564501475718005,0.12443160630622283,False
WA_pct,LGBM,0.4427166212135735,0.08977638553316701,0.12445079939718198,False
WA_pct,XGB,0.42396532340570736,0.08468080962777298,0.12688869368041816,False
WA_pct,RandomForest,0.3911606255789937,0.074024195130494,0.12976045348765097,False
