target,model,mean_r2_diff_vs_linear,sd_of_diff,fraction_folds_better
MOR_MPa,RandomForest,-0.0950105893906827,0.020776931634761055,0.0
MOR_MPa,MLP,-0.04622901546968281,0.021311990422949748,0.0
MOR_MPa,XGB,-0.06799690857432919,0.019954008817732825,0.0
MOR_MPa,LGBM,-0.06341451229378722,0.016901337021312534,0.0
MOR_MPa,CatBoost,-0.03639053785685742,0.015372898595539078,0.0
WA_pct,RandomForest,-0.20772416430115737,0.07531259561502512,0.0
WA_pct,MLP,-0.12329063146148464,0.12160535559497028,0.1
WA_pct,XGB,-0.17491946647444367,0.07101530292460201,0.0
WA_pct,LGBM,-0.15616816866657754,0.07264876982683875,0.0
WA_pct,CatBoost,-0.14424029431026644,0.053474297274658994,0.0
Shrinkage_pct,RandomForest,-0.23531073525876836,0.055557386974408894,0.0
Shrinkage_pct,MLP,-0.03427272875887055,0.034005992292072386,0.2
Shrinkage_pct,XGB,-0.12186749582466372,0.03927168516161921,0.0
Shrinkage_pct,LGBM,-0.13224595869619019,0.05721386734933252,0.0
Shrinkage_pct,CatBoost,-0.06239717163498826,0.03492613021710736,0.0
