AG98_wtpct,AG22_wtpct,AG23_wtpct,SodaF_wtpct,PotashF_wtpct,Crushing_wtpct,ETP_wtpct,NaSil_wtpct,batch_total_wtpct,MOR_MPa,WA_pct,Shrinkage_pct
19.39,5.32,13.097,41.644,16.224,1.75,2.38,0.1,99.90499999999999,25.751282235,0.726,11.04
17.55,1.85,12.73,41.205,16.648,2.306,5.11,0.53,97.929,47.449476024999996,0.507,9.79
18.133,3.746,12.595,38.563,19.074,2.686,2.86,2.663,100.32,75.69753135,0.193,11.04
15.836,3.467,13.49,39.391,17.198,3.056,2.84,0.1,95.378,39.228561330000005,0.608,10.45
16.41,4.43,10.702,41.207,19.914,0.74,2.893,1.422,97.71799999999999,59.14586748,0.45030000000000003,10.76
19.117,3.274,12.77,41.887,18.262,2.73,3.65,1.045,102.73500000000001,48.773373774999996,0.3545,10.65
14.18,3.143,14.79,42.572,18.363,3.768,2.504,0.1,99.42,44.47315775,0.542,10.26
16.38,3.884,12.563,38.818,16.534,2.396,3.05,0.1,93.725,48.816523034999996,0.4527,10.21
20.011,5.19,9.81,39.715,20.712,3.47,3.1,1.158,103.166,49.21957635,0.5332,10.71
15.163,4.212,11.759,42.616,19.755,3.44,5.344,0.443,102.73199999999999,45.9343486,0.208,9.51
20.64,2.258,13.18,41.735,19.706,3.86,3.433,0.905,105.71700000000001,43.68862575,0.34299999999999997,10.6
17.71,3.683,13.309,41.909,19.523,3.494,4.187,0.1,103.91499999999998,35.19606685,0.5780000000000001,10.37
19.09,5.237,11.63,40.223,19.409,3.398,5.83,0.1,104.91699999999999,43.169853964999994,0.314,10.0
17.815,6.117,14.611,36.649,19.338,1.38,3.1,0.1,99.10999999999999,32.60711125,0.8836999999999999,11.36
20.18,4.09,8.96,38.67,20.266,2.58,3.52,1.709,99.975,59.40084038,0.426,9.99
15.464,4.763,12.0,39.901,19.73,2.33,1.842,1.21,97.24000000000001,52.12234475,0.508,10.85
17.89,3.039,12.042,40.136,20.0,3.79,3.87,0.574,101.34100000000001,51.91248243999999,0.45339999999999997,10.26
17.88,3.51,13.51,41.773,22.271,3.816,3.53,2.843,109.13300000000001,69.490902565,0.42900000000000005,10.81
16.575,5.03,13.32,36.999,18.986,4.85,4.17,1.827,101.757,70.136180135,0.1922,10.07
16.954,4.57,11.15,38.02,16.993,1.785,1.238,0.1,90.80999999999999,38.541115164999994,0.7101999999999999,11.06
18.08,3.32,11.179,42.302,15.926,3.42,2.913,0.137,97.277,44.06127845,0.4795,10.18
18.95,6.17,12.18,40.471,17.553,0.71,2.246,0.49,98.76999999999997,35.696206,0.8619999999999999,11.88
15.654,6.325,14.839,38.25,18.499,5.27,3.287,2.711,104.835,71.50028515,0.2346,10.48
19.132,5.24,12.9,37.396,19.786,2.66,2.53,2.968,102.61200000000001,74.334407,0.6432,11.4
17.05,4.445,15.653,37.907,15.25,0.1,2.81,1.981,95.196,66.97941949999999,0.705,12.01
17.79,1.92,10.63,41.068,19.264,2.96,1.561,0.863,96.05599999999998,47.72308155999999,0.4299,10.65
18.54,1.6,10.297,36.767,19.202,2.6,1.426,0.845,91.277,54.65246045,0.453,10.62
17.647,3.61,12.23,44.117,20.435,2.58,1.547,0.1,102.26599999999998,31.6558662,0.544,10.59
16.071,4.92,11.15,38.604,18.427,4.43,1.65,0.951,96.203,54.021892855,0.22100000000000003,10.32
19.72,3.76,11.992,39.244,15.512,2.63,2.309,0.374,95.54099999999998,40.62895095,0.577,10.93
15.768,1.67,12.694,40.842,19.17,1.475,3.921,0.1,95.64,41.45270955,0.332,10.03
17.4,3.405,12.047,39.984,16.655,4.312,2.138,1.627,97.56800000000001,64.348295305,0.35300000000000004,10.29
18.646,6.67,11.744,41.585,18.45,1.838,0.1,0.105,99.138,20.502763155,0.8210000000000001,11.58
18.94,2.525,13.29,41.124,20.034,4.01,4.9,1.658,106.481,61.51711544999999,0.3007,10.17
16.67,2.813,9.635,41.302,20.721,2.647,3.557,2.948,100.293,83.49381809999998,0.3953,10.23
15.23,7.252,13.072,40.136,19.181,4.472,2.5,0.138,101.981,41.09770882,0.7628,10.53
17.763,5.29,12.641,44.463,18.065,1.714,2.263,0.1,102.299,32.303105099999996,0.7312,10.85
17.4,3.13,11.96,42.481,18.056,2.03,1.42,4.007,100.48400000000001,89.17284911499999,0.318,11.45
16.534,6.101,7.84,40.263,17.678,0.46,2.436,0.12,91.43199999999999,33.76429595,0.5277999999999999,10.41
18.2,2.18,14.167,39.828,16.991,2.156,1.897,2.025,97.44400000000002,66.08309168999999,0.47600000000000003,11.43
19.064,1.409,12.57,42.26,15.438,3.43,1.467,0.1,95.738,34.9509006,0.6338,10.27
20.314,3.509,11.653,42.306,19.75,2.65,1.25,0.1,101.532,33.1072504,0.742,11.09
20.428,1.508,12.093,39.929,16.399,5.01,4.18,2.294,101.841,71.33553343,0.076,10.02
16.696,2.81,11.678,39.876,20.386,3.371,2.65,0.1,97.567,44.3848979,0.3908,10.11
17.233,5.87,12.521,41.18,17.292,3.32,3.838,0.1,101.35399999999998,37.0299104,0.5285,10.31
17.49,3.5,12.37,42.177,20.282,3.64,1.506,0.1,101.065,39.01477636,0.5640000000000001,10.7
19.715,3.615,13.102,41.071,15.961,2.665,4.08,0.856,101.065,52.906876749999995,0.383,10.75
18.0,1.93,16.04,40.865,19.938,2.52,5.15,3.194,107.63700000000001,74.55995994999999,0.302,10.93
19.28,1.88,12.663,38.911,16.151,2.85,2.13,1.387,95.252,61.216051295,0.555,10.84
19.869,4.558,10.418,37.933,20.464,2.04,2.85,1.713,99.84499999999998,53.63256885,0.734,11.41
17.156,6.667,11.12,37.69,18.789,3.034,3.253,3.463,101.172,85.28843504999999,0.3425,10.89
19.35,4.394,15.45,40.724,19.999,4.411,3.804,3.037,111.16900000000001,72.55548069,0.409,11.16
17.57,4.043,9.17,42.985,20.935,5.611,1.64,1.05,103.004,55.039823125,0.48,9.98
18.87,4.524,9.672,44.12,17.612,1.465,2.9,3.087,102.25000000000001,74.4913134,0.325,11.63
17.387,3.82,10.595,41.304,17.598,3.47,5.26,0.1,99.53399999999999,41.668455849999994,0.2777,9.61
19.868,3.371,11.614,38.839,19.796,3.508,4.892,1.209,103.097,59.59305072,0.40800000000000003,10.59
17.48,1.97,12.89,37.884,16.46,0.1,0.2,1.994,88.978,66.58911482999999,0.7087,11.61
16.91,4.72,8.262,40.198,18.272,2.2,2.502,2.667,95.731,82.2777935,0.20010000000000003,10.71
17.51,3.181,14.26,42.295,17.417,3.23,3.659,1.278,102.83000000000003,61.586742664999996,0.37460000000000004,10.94
16.56,3.25,10.547,38.768,22.93,4.51,3.987,0.882,101.43400000000001,56.94721655,0.336,9.46
14.82,0.804,11.56,41.57,22.362,2.904,4.41,0.879,99.309,55.58801486,0.32039999999999996,9.77
17.758,2.261,12.31,41.127,21.073,2.92,2.629,2.335,102.413,57.712135249999996,0.5,10.46
16.6,3.85,14.94,37.751,20.479,2.058,1.292,0.117,97.087,38.677427599999994,0.8496,11.01
15.728,3.66,13.08,40.287,20.176,4.484,2.94,2.247,102.60199999999999,71.22569895,0.2661,9.88
17.36,0.1,17.44,42.658,17.355,2.656,3.69,0.104,101.36300000000001,35.202931505,0.8086,10.54
19.031,5.503,16.15,42.183,17.114,5.196,1.928,1.434,108.53899999999999,46.84636705,0.592,11.18
20.2,4.91,12.48,43.343,20.213,2.959,2.28,1.186,107.57100000000003,38.647026985,0.475,11.62
16.538,2.572,13.891,41.044,16.747,0.1,5.654,0.1,96.64599999999997,34.374269579999996,0.7079,10.94
19.34,4.367,14.19,41.516,19.873,1.7,0.26,0.39,101.63600000000001,25.09521735,0.7407,11.83
18.92,3.85,11.98,38.641,18.451,0.33,2.8,1.158,96.12999999999998,51.2299396,0.7139000000000001,11.61
14.491,5.87,13.26,40.177,19.234,4.842,1.99,2.209,102.07300000000001,67.69530495,0.337,10.23
20.921,3.99,16.34,41.645,15.44,2.085,5.131,0.178,105.73,39.492360215,0.97,11.0
18.07,3.265,9.86,37.052,19.663,2.233,2.692,0.1,92.935,44.416279180000004,0.639,9.87
17.781,4.509,15.06,41.956,17.684,3.665,1.001,0.427,102.08300000000003,33.60150556,0.5988,11.32
20.12,4.261,17.42,39.645,18.227,1.934,3.649,1.244,106.5,46.119694284999994,0.894,11.47
14.75,4.37,13.775,39.626,17.866,4.0,2.553,1.337,98.277,62.282034149999994,0.2833,10.42
16.29,4.287,12.536,42.144,17.743,2.38,1.683,0.956,98.019,46.027511775,0.5216000000000001,10.84
20.5,5.2,13.022,40.275,19.986,2.39,2.56,0.1,104.033,28.628553344999997,0.747,11.28
16.4,4.22,12.666,38.914,18.181,4.159,2.099,0.1,96.739,41.39386965,0.544,9.83
16.27,4.42,14.69,41.975,19.678,2.44,1.103,0.84,101.41599999999998,46.43448775,0.49329999999999996,10.88
18.651,3.485,17.05,42.05,20.825,2.99,4.59,2.811,112.452,63.49021343,0.4063,11.42
17.236,2.244,9.042,39.864,18.793,0.888,2.75,1.935,92.75200000000001,71.90039647,0.4746,10.5
17.726,4.38,11.097,38.929,20.909,4.16,3.612,2.317,103.13,71.04917925,0.18289999999999998,10.13
15.4,4.758,14.02,39.003,16.947,2.097,5.259,1.735,99.219,69.31536353,0.461,10.59
16.075,4.294,16.409,42.712,16.586,4.37,2.486,4.348,107.28000000000002,93.46718115,0.0522,11.34
19.003,3.771,9.78,39.611,16.753,4.5,3.56,0.1,97.07799999999999,49.737367469999995,0.539,9.6
17.15,1.986,14.67,37.729,21.801,1.925,3.707,1.987,100.95499999999998,58.8006734,0.245,10.57
20.69,5.16,14.39,41.634,19.923,3.064,2.209,0.1,107.16999999999999,27.144807199999995,0.7939999999999999,11.27
19.04,3.769,15.76,41.343,16.972,4.52,3.958,1.633,106.995,56.97271383999999,0.3613,10.64
19.594,3.84,8.8,40.199,17.495,1.49,0.123,1.948,93.48899999999999,60.24028962,0.432,10.89
15.336,3.02,14.559,41.955,18.064,3.215,2.095,0.1,98.344,37.8340557,0.5793999999999999,10.58
16.84,1.14,11.39,41.322,15.83,2.21,3.98,0.1,92.812,45.767635549999994,0.484,9.57
15.911,2.66,12.56,44.238,17.824,2.77,2.686,1.483,100.132,58.61434705,0.322,10.33
17.94,4.212,13.3,42.753,19.376,3.12,4.343,0.137,105.18100000000001,33.86236245,0.4973,10.24
20.09,3.445,10.808,46.221,20.756,2.839,1.85,2.329,108.33799999999998,57.100200290000004,0.31129999999999997,11.52
17.51,2.997,15.226,39.578,20.091,1.92,2.745,3.671,103.73800000000003,77.52156825,0.42700000000000005,11.81
21.29,6.44,15.616,41.731,19.407,1.908,3.729,0.573,110.69399999999999,30.027962299999995,1.04,11.54
19.253,5.152,12.95,39.502,18.031,3.186,1.396,2.612,102.08200000000001,67.05787269999999,0.6836,11.74
16.852,4.424,12.696,42.585,19.875,1.68,4.06,0.1,102.272,34.98032055,0.8321999999999999,10.4
15.319,3.6,12.98,43.499,22.636,3.373,2.013,2.493,105.913,64.4689171,0.0761,11.0
20.523,2.41,13.0,38.949,18.577,5.14,1.78,2.328,102.70700000000001,71.811155955,0.612,10.74
15.63,4.578,13.56,40.866,17.284,2.68,4.509,0.1,99.20700000000001,43.02471554499999,0.6141,10.2
19.35,4.79,14.522,41.73,19.553,3.76,3.25,0.1,107.05499999999999,31.489153149999996,0.5753,11.27
19.591,2.97,13.674,40.016,18.34,0.45,2.28,0.1,97.421,32.8130509,0.851,11.17
13.772,2.653,10.903,38.989,16.796,1.775,2.821,0.117,87.82600000000001,52.730357049999995,0.3835,10.14
19.9,0.866,12.448,39.393,18.285,4.76,4.438,0.892,100.982,55.30950599999999,0.063,9.72
15.18,5.03,13.638,38.378,17.251,2.99,4.56,1.513,98.54,63.308790404999996,0.406,9.95
16.177,4.86,10.436,41.593,19.399,1.31,4.315,0.1,98.19,42.26077751,0.641,10.14
19.351,2.102,15.351,43.64,19.274,2.369,1.15,0.824,104.061,35.8531124,0.8134,11.77
19.04,2.612,12.38,38.585,19.894,2.643,2.53,1.373,99.057,56.05873406,0.4641,10.82
16.96,2.88,12.21,38.56,19.652,3.454,0.549,0.1,94.365,35.470653049999996,0.592,10.86
21.725,1.79,13.1,38.224,17.584,4.88,0.983,0.1,98.386,38.79118474,0.7727999999999999,11.08
18.79,3.464,13.28,38.315,18.747,2.616,2.665,1.052,98.929,53.32660137,0.54,10.96
17.899,1.664,16.71,41.144,17.697,2.341,3.49,1.512,102.457,56.99036580999999,0.6128,11.04
17.514,0.1,15.057,40.429,20.212,3.32,3.443,2.52,102.59499999999998,70.512755495,0.348,10.44
17.56,3.93,11.673,42.017,16.563,4.956,3.92,2.755,103.37400000000001,83.918446045,0.21120000000000003,10.36
14.08,3.731,10.39,39.057,18.827,3.257,0.594,0.1,90.036,42.0901418,0.3143,10.15
17.05,0.1,11.351,43.363,22.382,3.46,1.947,2.116,101.769,62.82924521999999,0.302,10.55
17.581,3.723,9.73,43.222,17.357,2.98,2.03,0.82,97.443,53.05986048999999,0.33,10.28
17.08,3.51,14.09,39.885,19.245,0.86,2.49,3.117,100.277,77.757908515,0.611,11.84
19.7,3.48,14.754,42.234,15.758,0.1,2.51,0.1,98.636,26.271034685,0.8782999999999999,11.58
21.03,2.336,12.041,41.738,17.279,2.717,3.674,0.1,100.91499999999999,43.400310239999996,0.5039,10.75
19.29,1.88,8.764,38.061,19.453,3.973,2.38,1.02,94.821,61.11896546,0.385,9.75
20.433,3.621,11.92,43.002,18.487,0.55,1.394,1.505,100.91199999999999,45.80686215,0.7633,11.91
18.91,5.41,12.02,39.791,14.816,1.717,1.92,0.603,95.187,47.753482175,0.792,10.95
19.54,4.96,11.85,40.987,17.482,1.69,5.884,0.1,102.493,39.00104705,0.853,10.48
14.596,2.73,13.52,41.005,16.815,3.42,4.5,0.1,96.68599999999999,48.895956899999995,0.26,9.65
19.052,4.604,12.81,41.216,17.236,1.78,3.73,1.721,102.14900000000002,55.507600329999995,0.5069,11.17
16.936,4.14,14.108,40.592,14.353,3.787,1.78,2.368,98.064,66.91273428,0.5058,10.61
17.643,3.848,11.333,40.657,17.806,4.45,0.177,2.616,98.53,75.63869145,0.2328,10.6
18.07,4.829,15.527,39.592,16.777,3.191,3.27,1.19,102.446,55.760611899999994,0.47140000000000004,11.08
18.037,3.44,12.74,38.108,16.823,2.89,0.813,2.065,94.916,69.6468283,0.2963,11.0
16.58,5.632,16.171,40.083,17.957,2.834,2.21,2.112,103.579,61.070912875,0.7551,11.48
15.383,4.57,14.86,38.128,20.724,3.294,3.151,2.232,102.342,69.326150845,0.5,10.59
16.77,3.993,10.368,42.428,21.117,4.421,2.738,0.976,102.811,47.23667172,0.28900000000000003,10.25
18.876,1.85,11.575,39.949,18.557,4.557,1.798,2.572,99.73400000000001,79.826131,0.348,10.26
17.05,2.54,12.7,39.396,18.615,3.94,2.18,0.1,96.521,39.490398885000005,0.6256,10.09
19.12,2.63,12.209,41.574,16.937,2.876,2.22,0.325,97.891,38.281238939999994,0.6906,10.87
17.94,3.28,11.12,39.534,16.371,2.64,4.411,2.396,97.692,74.48346808,0.3717,10.52
17.45,4.382,11.973,39.824,17.397,4.99,4.82,0.331,101.16699999999999,51.269166199999994,0.1569,9.69
17.773,4.206,12.27,41.756,16.785,4.34,2.94,0.1,100.16999999999999,48.052585,0.651,9.87
19.68,1.58,9.998,42.307,18.835,2.846,4.157,0.1,99.503,43.0119669,0.502,10.15
20.551,3.337,12.289,43.921,18.771,1.82,3.147,1.434,105.27,46.996408795,0.7844,11.03
19.65,2.89,12.16,41.277,18.378,2.11,2.41,0.201,99.076,41.11928344999999,0.516,11.07
16.24,2.086,9.05,37.938,22.86,5.26,1.6,0.1,95.13399999999999,50.742549094999994,0.322,9.48
19.51,3.36,15.354,40.969,20.329,4.86,2.73,1.397,108.50900000000003,52.70093709999999,0.7759,10.65
17.812,4.949,9.401,41.536,16.296,0.725,1.988,0.132,92.839,44.8163905,0.733,10.63
16.2,3.378,13.723,37.621,18.083,3.251,3.92,0.1,96.276,46.115771624999994,0.3666,10.03
16.99,2.725,16.61,37.697,19.716,4.988,2.64,3.118,104.484,82.23856689999998,0.357,10.76
18.8,5.57,11.708,38.866,20.344,4.78,0.1,0.1,100.268,36.012960795,0.803,10.67
17.008,1.848,13.872,41.136,17.882,1.34,2.32,0.561,95.96700000000001,44.87817239499999,0.688,10.75
19.164,5.35,14.75,41.227,19.44,3.392,2.766,1.408,107.497,48.631177349999994,0.8399,11.46
18.249,2.716,12.717,37.096,18.388,4.516,1.32,2.525,97.527,80.14582778999998,0.45659999999999995,10.55
19.795,3.584,13.055,42.2,16.144,3.2,3.037,0.359,101.374,42.61185558,0.6425000000000001,10.61
17.59,3.049,10.97,38.935,15.773,4.64,2.767,1.437,95.161,71.50616914,0.076,10.04
20.167,4.896,12.93,39.5,16.481,3.007,3.628,1.325,101.934,58.361335479999994,0.822,11.12
20.058,1.99,13.346,40.433,20.534,3.947,2.35,1.037,103.695,55.30950599999999,0.46769999999999995,10.57
21.545,4.31,14.52,42.13,18.43,5.68,1.78,0.254,108.64900000000002,35.40004517,0.8599000000000001,11.1
19.816,3.86,16.911,42.567,17.884,2.62,2.14,0.531,106.32900000000001,33.16020631,0.7171000000000001,11.33
20.2,4.576,11.968,41.647,17.978,2.986,3.26,0.283,102.89800000000001,35.10584567,0.6202,10.47
18.124,1.922,9.39,37.486,20.281,3.096,2.528,0.1,92.927,44.729111315,0.449,10.04
15.919,2.754,14.68,38.995,19.645,3.389,1.25,0.949,97.58099999999999,44.416279180000004,0.5075,10.52
17.8,4.59,10.757,37.78,17.957,4.46,2.8,0.1,96.24399999999997,46.59139415,0.655,10.13
17.37,6.5,13.985,42.304,18.079,3.88,0.37,2.469,104.957,57.525808899999994,0.583,11.28
15.415,3.32,12.555,38.298,19.267,2.29,4.81,1.703,97.658,66.86173969999999,0.356,9.89
17.69,3.48,11.798,36.812,15.302,3.704,2.1,0.1,90.98599999999998,45.821572125,0.549,10.06
17.241,5.099,13.341,39.232,18.606,0.303,3.82,1.758,99.39999999999999,58.685935595,1.088,10.89
21.426,1.0,11.03,39.746,15.831,1.56,4.6,0.1,95.29299999999999,44.415298514999996,0.48989999999999995,10.58
17.847,4.53,14.41,39.86,16.441,2.341,3.1,1.282,99.81099999999999,58.91933386499999,0.7103,11.17
19.242,5.321,15.463,38.663,17.133,1.959,1.544,2.412,101.737,59.94805145,0.784,11.88
16.023,0.73,12.261,41.909,17.312,5.761,1.531,3.098,98.625,94.58513924999998,0.12,10.21
15.76,0.696,11.247,37.416,18.067,2.02,4.56,2.329,92.095,86.37501187,0.27690000000000003,9.71
18.49,4.48,12.75,43.727,21.105,4.519,2.686,0.572,108.32900000000001,35.823692449999996,0.5374,10.66
15.695,3.88,16.359,43.586,15.696,4.523,0.79,2.147,102.676,61.908400785,0.43099999999999994,11.26
16.862,3.89,15.47,39.085,16.552,3.554,0.456,0.516,96.38500000000002,43.37481295,0.7230000000000001,10.89
17.94,2.16,10.558,42.014,21.044,2.421,3.341,1.426,100.904,49.912906504999995,0.5154,10.4
18.59,3.97,10.425,38.802,16.91,2.31,2.51,0.541,94.058,43.0708068,0.5950000000000001,10.9
19.855,3.184,16.389,41.792,22.764,4.201,3.608,1.184,112.97699999999999,41.322281105,0.749,11.12
15.54,4.17,14.46,39.759,19.184,4.5,4.02,1.509,103.142,61.96135669499999,0.394,9.97
20.99,1.0,13.705,41.838,17.196,0.85,3.07,0.32,98.96899999999998,31.39108665,0.7903,11.32
16.93,2.857,10.33,38.971,17.017,4.787,2.332,0.24,93.46399999999998,52.553837349999995,0.31189999999999996,9.21
21.69,3.469,10.653,42.066,17.922,2.959,1.71,0.917,101.38600000000001,41.696895135,0.732,11.05
14.85,3.05,15.357,38.632,17.735,3.43,1.951,0.1,95.10499999999999,38.285161599999995,0.3292,10.22
16.328,2.08,12.583,37.207,18.606,3.69,3.95,2.57,97.014,86.93595225,0.033,9.98
20.02,5.42,12.86,40.208,19.144,3.24,0.392,0.1,101.38399999999997,31.92064575,0.588,11.28
20.26,2.735,13.3,39.854,20.894,3.11,3.769,1.96,105.882,55.75766990499999,0.6863,11.26
20.375,4.485,12.486,38.194,18.827,3.95,3.974,0.687,102.97800000000001,46.59139415,0.3084,10.29
20.486,2.86,14.92,39.317,22.097,1.893,4.262,1.606,107.441,47.43476604999999,0.6629999999999999,10.95
17.73,3.446,15.39,43.105,19.112,3.947,1.358,1.908,105.996,57.59053279,0.755,11.01
15.92,3.06,16.219,42.653,16.678,2.9,3.76,0.246,101.436,40.28571819999999,0.2924,10.64
20.13,0.29,12.73,38.88,16.126,0.903,4.277,0.353,93.68900000000001,41.95481003,0.735,10.7
15.39,2.239,14.01,44.006,18.55,3.312,3.25,1.166,101.923,50.72980045,0.49300000000000005,10.76
16.34,1.91,9.22,41.93,19.818,0.613,4.864,2.009,96.70400000000001,75.380776555,0.0816,9.99
18.63,2.38,13.269,41.399,18.059,2.29,3.994,2.081,102.102,64.79253655,0.3593,10.76
16.95,2.41,9.74,36.684,16.846,5.356,1.61,1.371,90.96699999999998,75.87405104999999,0.186,9.54
16.973,6.26,13.44,39.946,17.867,4.11,1.567,0.255,100.41799999999999,39.295246549999995,0.731,10.69
18.19,4.88,13.44,38.272,18.754,3.875,2.356,1.321,101.088,56.89818329999999,0.22629999999999997,10.9
18.84,2.653,13.56,45.143,15.112,3.305,1.953,2.323,102.889,66.03405844,0.2821,11.0
18.3,3.918,14.662,43.747,19.567,2.589,5.93,2.122,110.83500000000002,60.99736299999999,0.28400000000000003,10.58
16.59,3.24,13.322,40.044,15.628,3.18,1.447,0.1,93.551,48.719437199999994,0.7040000000000001,10.38
16.792,1.907,9.816,38.514,18.324,2.87,3.21,0.961,92.39399999999999,62.422269245,0.1585,9.69
18.42,5.25,16.409,38.35,14.787,2.676,2.04,0.1,98.03200000000001,33.14843833,1.0090999999999999,11.35
18.24,3.23,10.965,38.057,18.312,2.842,3.071,1.108,95.825,56.869744014999995,0.27,10.43
16.65,3.144,12.18,43.19,15.44,3.76,0.26,0.145,94.76899999999999,45.67349171,0.46699999999999997,10.26
21.19,5.381,12.91,38.814,18.91,2.96,2.639,2.713,105.51699999999998,69.771372755,0.4515,11.82
19.316,1.512,12.4,39.435,17.454,2.7,1.34,1.293,95.45000000000003,53.828701849999995,0.2684,11.18
17.729,5.868,11.37,38.346,18.784,3.499,2.338,0.331,98.26499999999997,40.35436475,0.44999999999999996,10.9
19.3,5.218,9.93,39.721,17.584,5.8,0.546,2.294,100.393,76.50167665,0.2208,10.79
21.979,2.6,12.094,41.538,16.345,3.74,0.588,0.861,99.74499999999999,45.162565244999996,0.672,11.17
19.6,2.38,13.88,40.454,18.024,4.54,1.87,0.228,100.976,43.005102244999996,0.392,10.43
16.65,4.616,13.95,39.632,18.568,3.752,2.296,0.1,99.56399999999998,39.76596574999999,0.6094999999999999,10.61
18.912,4.22,13.389,41.02,19.851,3.81,2.87,2.432,106.504,61.039531595,0.5296000000000001,11.13
19.71,3.213,14.38,38.478,20.955,3.383,1.673,0.28,102.072,36.088472,0.86,11.17
17.02,5.17,13.573,43.19,19.77,2.73,2.56,2.459,106.47200000000001,61.25429723,0.6063,11.51
17.59,3.045,12.99,37.912,20.215,0.227,3.42,0.321,95.72000000000001,49.62557165999999,0.9769,10.95
18.52,2.25,9.3,41.141,18.931,0.1,3.4,2.101,95.743,66.372387865,0.373,10.96
17.2,3.539,9.904,37.783,17.963,3.902,4.83,0.1,95.221,50.475808214999994,0.3457,9.58
16.827,3.72,13.35,40.931,20.294,2.76,3.003,1.549,102.43400000000001,56.10384465,0.3471,11.01
15.09,2.395,9.05,42.66,15.489,2.18,0.1,0.705,87.669,52.18118464999999,0.35309999999999997,10.13
15.25,4.28,12.176,41.878,16.124,2.45,3.08,0.7,95.938,49.93546179999999,0.42,10.31
17.178,0.716,12.671,40.94,17.53,2.824,2.01,0.785,94.654,48.16045815,0.215,10.3
16.57,2.48,16.14,37.295,20.403,3.636,4.049,0.639,101.212,47.45437935,0.6101,10.0
18.6,1.151,14.91,43.066,19.22,1.71,2.115,0.1,100.87199999999999,29.001206045,0.7646,11.37
14.77,3.338,10.63,38.27,18.79,2.035,1.706,0.964,90.503,62.988112949999994,0.42300000000000004,10.5
19.28,3.183,8.992,42.347,18.001,2.955,0.927,0.1,95.78500000000001,37.47120965,0.634,10.15
19.44,5.31,14.66,42.574,18.165,2.2,3.117,2.866,108.33200000000001,60.72669946,0.7756,11.63
15.629,3.659,10.827,42.405,19.868,2.34,4.664,1.518,100.91000000000001,60.487417199999996,0.092,10.05
15.6,3.38,16.72,40.277,20.23,3.75,3.292,2.153,105.40200000000002,59.45379628999999,0.366,10.6
19.908,4.208,11.632,38.832,20.891,1.679,5.925,1.273,104.348,51.34761939999999,0.443,10.64
17.95,3.49,13.77,40.55,18.498,5.86,4.944,0.551,105.613,47.90548525,0.3755,9.72
22.693,3.0,14.103,38.46,17.624,2.676,5.24,0.173,103.969,32.378616304999994,0.6472,10.42
20.633,6.32,12.94,38.603,19.648,2.095,3.28,0.1,103.619,32.7345977,0.498,11.12
15.12,2.951,14.09,38.504,16.398,3.845,2.53,0.456,93.89399999999999,60.01081401,0.242,9.6
18.2,4.631,12.797,39.532,18.134,2.551,0.1,0.394,96.339,40.0895852,0.8130000000000001,11.23
17.066,6.849,14.44,41.524,17.846,2.717,3.07,1.586,105.09799999999998,48.5233042,0.627,11.45
18.164,4.487,13.6,41.069,20.382,2.95,1.619,0.1,102.37100000000001,30.861527549999995,0.654,11.03
19.319,1.14,12.31,42.654,18.077,2.36,3.67,0.804,100.334,44.714401339999995,0.652,10.53
17.595,2.1,12.89,44.268,18.087,3.52,3.4,0.211,102.07100000000001,45.368504894999994,0.432,10.26
