target,region,mean_abs_oof_error,spearman_rho_error_vs_edge_distance,p_value
MOR_MPa,inner third,2.8156653920419195,0.015088308508086254,0.8168807358832733
MOR_MPa,middle third,2.577785592380959,0.015088308508086254,0.8168807358832733
MOR_MPa,outer third,3.0006979185311278,0.015088308508086254,0.8168807358832733
WA_pct,inner third,0.10836784783595037,-0.032185216653262655,0.621275658853703
WA_pct,middle third,0.1041706606615865,-0.032185216653262655,0.621275658853703
WA_pct,outer third,0.10284926812859982,-0.032185216653262655,0.621275658853703
Shrinkage_pct,inner third,0.15847475032467553,0.04462936596703191,0.49320197661362364
Shrinkage_pct,middle third,0.19475109959425682,0.04462936596703191,0.49320197661362364
Shrinkage_pct,outer third,0.16690834718607717,0.04462936596703191,0.49320197661362364
