target,feature,label,perm_importance_heldout_r2_drop,perm_importance_sd,native_importance_normalised
MOR_MPa,AG98_wtpct,AG98,0.053081048018294025,0.01248238423203547,0.09236573538209825
MOR_MPa,AG22_wtpct,AG22,0.03580610681397971,0.00986157706730452,0.0677772751151791
MOR_MPa,AG23_wtpct,AG23,0.1063985447216054,0.018877529510049628,0.0993486444059421
MOR_MPa,SodaF_wtpct,Soda Feldspar,0.050253908837760264,0.012015130105858566,0.08133291870088868
MOR_MPa,PotashF_wtpct,Potash Feldspar,0.05740403919226185,0.011974793288316918,0.07850931034141291
MOR_MPa,Crushing_wtpct,Crushed Fired Tile,0.026314665848312498,0.009350933247475018,0.07173708773017272
MOR_MPa,ETP_wtpct,ETP Sludge,0.015432916126571834,0.0068791461641727935,0.057278049308087324
MOR_MPa,NaSil_wtpct,Na-Silicate,1.826098506693131,0.2547023824390885,0.4516509790162189
WA_pct,AG98_wtpct,AG98,0.15028034510220542,0.05802232795704918,0.1601351935590703
WA_pct,AG22_wtpct,AG22,0.07558398919771872,0.034277297487797606,0.10969655146147027
WA_pct,AG23_wtpct,AG23,0.2645041992856343,0.07102839258168536,0.1830743406461778
WA_pct,SodaF_wtpct,Soda Feldspar,0.0016789962126543246,0.0012899018255860069,0.014177164880282462
WA_pct,PotashF_wtpct,Potash Feldspar,-0.003043545507772003,0.01488981379104191,0.03372270541155618
WA_pct,Crushing_wtpct,Crushed Fired Tile,0.3325131961852461,0.09064078795713933,0.1924251627690074
WA_pct,ETP_wtpct,ETP Sludge,-0.014256150993681955,0.029836154996387445,0.12129406722081373
WA_pct,NaSil_wtpct,Na-Silicate,0.35190572532790215,0.07920655589564685,0.18547481405162192
Shrinkage_pct,AG98_wtpct,AG98,0.27894222045899114,0.04831634360875357,0.1636681932195163
Shrinkage_pct,AG22_wtpct,AG22,0.09793803671400463,0.026705476632991068,0.10849848128809088
Shrinkage_pct,AG23_wtpct,AG23,0.3866667649617355,0.07055099514656395,0.17402013274139083
Shrinkage_pct,SodaF_wtpct,Soda Feldspar,0.02036667606922603,0.005661951442547939,0.03711009946423637
Shrinkage_pct,PotashF_wtpct,Potash Feldspar,0.009191647892340414,0.004757402280971539,0.02742646048109385
Shrinkage_pct,Crushing_wtpct,Crushed Fired Tile,0.45124511605881296,0.09551449918143246,0.19969634244132756
Shrinkage_pct,ETP_wtpct,ETP Sludge,0.1743881004849036,0.039743773177078404,0.17103844385555847
Shrinkage_pct,NaSil_wtpct,Na-Silicate,0.18553827345726334,0.03485645889975696,0.11854184650878564
