target,model,note,max_depth,max_features,min_samples_leaf,n_estimators,regressor__alpha,regressor__hidden_layer_sizes,regressor__learning_rate_init,colsample_bytree,learning_rate,reg_lambda,subsample,min_child_samples,num_leaves,depth,iterations,l2_leaf_reg
MOR_MPa,LinearRegression,no hyperparameters (OLS),,,,,,,,,,,,,,,,
MOR_MPa,RandomForest,,8.0,0.9363898624207119,2.0,633.0,,,,,,,,,,,,
MOR_MPa,MLP,,,,,,0.0007318748070568252,"(64, 32)",0.002443785878231787,,,,,,,,,
MOR_MPa,XGB,,2.0,,,576.0,,,,0.686296470000117,0.0371557915985892,0.03367736915912925,0.7594023159660167,,,,,
MOR_MPa,LGBM,,2.0,,,543.0,,,,,0.04770156421467874,,,5.0,49.0,,,
MOR_MPa,CatBoost,,,,,,,,,,0.0426504518310706,,,,,4.0,565.0,0.6994361700421692
WA_pct,LinearRegression,no hyperparameters (OLS),,,,,,,,,,,,,,,,
WA_pct,RandomForest,,9.0,0.6660343407198417,3.0,197.0,,,,,,,,,,,,
WA_pct,MLP,,,,,,0.02908592131595965,"(64,)",0.0010636579819389216,,,,,,,,,
WA_pct,XGB,,3.0,,,431.0,,,,0.846799597257522,0.020695532121419002,1.6583597663145693,0.6730282050910578,,,,,
WA_pct,LGBM,,2.0,,,261.0,,,,,0.060098696038892487,,,17.0,28.0,,,
WA_pct,CatBoost,,,,,,,,,,0.02117497528568982,,,,,3.0,440.0,0.9466639576437896
Shrinkage_pct,LinearRegression,no hyperparameters (OLS),,,,,,,,,,,,,,,,
Shrinkage_pct,RandomForest,,11.0,0.6472119394686031,1.0,375.0,,,,,,,,,,,,
Shrinkage_pct,MLP,,,,,,0.0010912363109623743,"(32,)",0.007284706174508092,,,,,,,,,
Shrinkage_pct,XGB,,2.0,,,576.0,,,,0.686296470000117,0.0371557915985892,0.03367736915912925,0.7594023159660167,,,,,
Shrinkage_pct,LGBM,,2.0,,,543.0,,,,,0.04770156421467874,,,5.0,49.0,,,
Shrinkage_pct,CatBoost,,,,,,,,,,0.07710518268690038,,,,,3.0,333.0,0.11214978751978741
