target,material,std_beta,ci_low,ci_high,p_value,VIF,OLS_R2_in_sample
MOR_MPa,AG98,-0.18456023868055718,-0.21336823775204816,-0.1557522396090662,4.441879942329739e-28,1.013738280110883,0.951712242058474
MOR_MPa,AG22,-0.13542890142787328,-0.1643452235205599,-0.10651257933518665,1.8944475418413132e-17,1.021376273113983,0.951712242058474
MOR_MPa,AG23,-0.19851311147254871,-0.22783014383542471,-0.16919607910967271,1.997505031265103e-30,1.0498800190886635,0.951712242058474
MOR_MPa,Soda Feldspar,-0.16251505848922937,-0.19145346749555348,-0.13357664948290526,4.4435202660614464e-23,1.022937167684794,0.951712242058474
MOR_MPa,Potash Feldspar,-0.15687307631251018,-0.18629660792942807,-0.1274495446955923,2.5257254582224233e-21,1.0575216196978903,0.951712242058474
MOR_MPa,Crushed Fired Tile,0.14334118576502797,0.11407712986977338,0.17260524166028257,1.0359960935486346e-18,1.0460891386282958,0.951712242058474
MOR_MPa,ETP Sludge,0.1144499137881182,0.08513478342220389,0.14376504415403252,4.252468281241567e-13,1.049743797672631,0.951712242058474
MOR_MPa,Na-Silicate,0.9024646655246163,0.8731495745410833,0.9317797565081494,4.485917249614747e-143,1.0497409771917225,0.951712242058474
WA_pct,AG98,0.33115256322593695,0.25384906611986174,0.40845606033201215,3.615612157692289e-15,1.013738280110883,0.6522964419471926
WA_pct,AG22,0.22684766156736078,0.1492534900435747,0.30444183309114686,2.6872110710057346e-08,1.021376273113983,0.6522964419471926
WA_pct,AG23,0.37858971421867166,0.2999202751924434,0.4572591532448999,3.329990642054949e-18,1.0498800190886635,0.6522964419471926
WA_pct,Soda Feldspar,-0.029317755735252388,-0.1069711953692678,0.04833568389876303,0.4576945475432814,1.022937167684794,0.6522964419471926
WA_pct,Potash Feldspar,0.06973707707687969,-0.009218142463163298,0.14869229661692268,0.08314391931754071,1.0575216196978903,0.6522964419471926
WA_pct,Crushed Fired Tile,-0.39792680461974306,-0.4764540863860624,-0.3193995228534237,1.011745679903119e-19,1.0460891386282958,0.6522964419471926
WA_pct,ETP Sludge,-0.2508308159596093,-0.3294951511597697,-0.17216648075944893,1.6577162075600606e-09,1.049743797672631,0.6522964419471926
WA_pct,Na-Silicate,-0.3835537880334338,-0.46221801755475855,-0.3048895585121091,1.4057412430381874e-18,1.0497409771917225,0.6522964419471926
Shrinkage_pct,AG98,0.40014924338734587,0.3541542964043717,0.44614419037032005,6.200232267366921e-43,1.013738280110883,0.8769076402276516
Shrinkage_pct,AG22,0.2652658671307959,0.2190979712524623,0.31143376300912956,6.886230547802458e-24,1.021376273113983,0.8769076402276516
Shrinkage_pct,AG23,0.42545850284568115,0.3786508316192869,0.4722661740720754,1.943672376655891e-45,1.0498800190886635,0.8769076402276516
Shrinkage_pct,Soda Feldspar,0.09072977424958006,0.04452661433158677,0.13693293416757335,0.00014236109214145392,1.022937167684794,0.8769076402276516
Shrinkage_pct,Potash Feldspar,0.06705443002956059,0.020076721740500993,0.11403213831862019,0.005343282209210799,1.0575216196978903,0.8769076402276516
Shrinkage_pct,Crushed Fired Tile,-0.48823377812903607,-0.5349568669513021,-0.44151068930677007,5.1697400877082576e-54,1.0460891386282958,0.8769076402276516
Shrinkage_pct,ETP Sludge,-0.41816862856887527,-0.4649732630606043,-0.3713639940771462,1.9214585429730764e-44,1.049743797672631,0.8769076402276516
Shrinkage_pct,Na-Silicate,0.28982069916669134,0.24301612755300306,0.3366252707803796,1.0413911920940331e-26,1.0497409771917225,0.8769076402276516
