y_true_MOR_MPa,y_true_WA_pct,y_true_Shrinkage_pct,y_pred_MOR_MPa,y_pred_WA_pct,y_pred_Shrinkage_pct
69.326150845,0.5,10.59,67.93358128186006,0.4267595433665672,10.757136118823109
33.16020631,0.7171000000000001,11.33,31.26698623413317,0.8637210572182723,11.622804499874274
49.737367469999995,0.539,9.6,47.85200597186788,0.3598119237744831,9.74730635642527
93.46718115,0.0522,11.34,94.83408932851003,0.2643278057279586,11.250522326684901
39.228561330000005,0.608,10.45,44.007184600133726,0.5007382504099955,10.234399936227137
70.512755495,0.348,10.44,72.59967745005055,0.33000090597463494,10.59446600746862
35.40004517,0.8599000000000001,11.1,32.738092312305355,0.6991016331923346,10.92935464655014
35.19606685,0.5780000000000001,10.37,37.33996068583446,0.5134936273330949,10.236567059760503
49.93546179999999,0.42,10.31,51.510272530530145,0.4166107308254541,10.298036747214566
52.906876749999995,0.383,10.75,48.74068067044868,0.5525383737136366,10.703468818906117
75.69753135,0.193,11.04,73.88926076527757,0.4247808948001742,10.975224596858906
39.00104705,0.853,10.48,37.25653406598441,0.5905776240281198,10.460364401763782
56.05873406,0.4641,10.82,55.11656196871241,0.5406436788787807,10.82115480009804
82.2777935,0.20010000000000003,10.71,78.6843927417682,0.2607488902601691,10.56109998625949
43.005102244999996,0.392,10.43,39.710760713360926,0.590981867754841,10.56893715815138
28.628553344999997,0.747,11.28,28.23467286687135,0.829063704685164,11.263908690870545
56.99036580999999,0.6128,11.04,54.28879932004015,0.5776209135029398,11.038289506141755
66.97941949999999,0.705,12.01,61.75716443601206,0.7094261371180448,11.685644753758792
77.52156825,0.42700000000000005,11.81,81.61543049104641,0.47258290617297405,11.548735390742657
41.39386965,0.544,9.83,43.67782089890457,0.4909131815008116,10.187070939000947
46.119694284999994,0.894,11.47,42.869650152465795,0.8386496759357007,11.70798124122322
43.02471554499999,0.6141,10.2,42.22550898933872,0.47811828257032185,10.145905896465582
66.86173969999999,0.356,9.89,67.75212369809084,0.2992424145504878,10.13167710751576
61.11896546,0.385,9.75,59.812128232505984,0.31748475637134826,9.96042047013752
71.50028515,0.2346,10.48,78.34034400267329,0.3017816494594241,10.545956111147127
26.271034685,0.8782999999999999,11.58,28.1793472414923,0.9104280115039661,11.665879266143019
63.49021343,0.4063,11.42,65.11836143233535,0.5293000333234139,11.329673407140572
64.4689171,0.0761,11.0,65.38183033462211,0.35705968952795364,10.79254011957204
56.97271383999999,0.3613,10.64,58.01159799357977,0.4780443731313844,10.729876399021181
48.719437199999994,0.7040000000000001,10.38,43.067968404870776,0.557914635566598,10.499009501669445
56.869744014999995,0.27,10.43,57.85569075619811,0.4320064317519481,10.368490928769468
49.21957635,0.5332,10.71,50.659441697209964,0.5064463763645295,10.61939593454433
44.416279180000004,0.5075,10.52,50.50082675164613,0.5471248762808937,10.722725933182288
61.96135669499999,0.394,9.97,62.46365706117017,0.31940333864454085,10.131971207731649
52.553837349999995,0.31189999999999996,9.21,53.020684349820556,0.2940529735947035,9.621545352141565
43.0119669,0.502,10.15,41.06245049495496,0.4236514436393253,9.986376532644977
49.62557165999999,0.9769,10.95,38.59800004770194,0.7164290269846201,10.955596811722273
71.04917925,0.18289999999999998,10.13,72.08358260404141,0.28089201794467444,10.318080349363067
58.685935595,1.088,10.89,56.54930232354815,0.6352636868857419,11.317425273757117
32.7345977,0.498,11.12,29.4080619352834,0.85270000648436,11.28455202973104
46.84636705,0.592,11.18,49.81245291981945,0.620422902017154,11.184234984446721
30.861527549999995,0.654,11.03,30.590851971351025,0.7393135971157542,11.024477452617319
58.91933386499999,0.7103,11.17,53.36051172947682,0.5993704561136783,11.03479868283777
55.58801486,0.32039999999999996,9.77,55.08984989266891,0.21811935189880116,9.585131263805053
57.100200290000004,0.31129999999999997,11.52,56.69544794600738,0.4984441520602386,11.269520062692084
62.422269245,0.1585,9.69,61.432072872151785,0.27829454598422027,9.837552575558135
41.11928344999999,0.516,11.07,35.67948519087109,0.6760241655369617,10.88007358447781
60.72669946,0.7756,11.63,65.04245391491627,0.6116780157604358,11.745262644889182
