k,target_name,spec_met_at_k,spec_met_90,polished,no_compliant,cost,CO2,cost_vs_NN_pct,CO2_vs_NN_pct,trust_ratio_max,p_WA_exceeds
0.0,high_MOR,1.0,0.0,1.0,0.0,7.56592,0.091822,0.4316775957734831,-19.056770098730603,0.9826935970499496,0.0014598081654668249
0.0,low_MOR,1.0,0.0,1.0,0.0,7.19,0.086352,-4.301762231805362,-11.759656652360519,0.9952648340596715,0.2211467914509278
0.0,mid_MOR,1.0,0.0,1.0,0.0,7.29242,0.088008,-1.9704261325447003,-11.886263516219458,0.994049614482065,0.040730625505625694
0.0,mid_MOR_shrink,1.0,0.0,1.0,0.0,7.364279999999999,0.08596000000000001,-1.0044360801182983,-13.936724068882658,0.9899849145155882,0.09493983918695319
0.0,tight_WA,1.0,0.0,1.0,0.0,7.1963799999999996,0.09012200000000001,0.04838104241682961,-15.051371477047791,0.9981562185719075,0.14985004496508675
1.0,high_MOR,1.0,1.0,1.0,0.0,7.61178,0.094124,1.0404332705020303,-17.027503526093092,0.9940915186054308,0.0036344513216994613
1.0,low_MOR,1.0,1.0,1.0,0.0,7.17524,0.08789,-4.4982164723420155,-10.188023707337015,0.9803469661414683,0.03504751012777481
1.0,mid_MOR,1.0,1.0,1.0,0.0,7.2958799999999995,0.09139,-1.9239145046377248,-8.500200240288345,0.988266845457593,0.007830760330647668
1.0,mid_MOR_shrink,1.0,1.0,1.0,0.0,7.60872,0.08752800000000001,2.2814894475063863,-12.366840208249897,0.944099899430104,0.03781073387964673
1.0,tight_WA,1.0,1.0,1.0,0.0,7.21858,0.09369000000000001,0.35701872680004687,-11.688189273258555,0.9789641300703988,0.03393566676488615
2.0,high_MOR,1.0,1.0,0.8,0.0,7.530620000000001,0.100904,-0.03690232829798301,-11.050775740479546,0.9946781763325511,3.4185965621924555e-05
2.0,low_MOR,1.0,1.0,0.8,0.0,7.22566,0.097552,-3.8271309162540623,-0.31473533619456695,0.9981562185719075,0.0002619446966186656
2.0,mid_MOR,1.0,1.0,1.0,0.0,7.29824,0.098518,-1.8921898104583978,-1.3636363636363622,0.9935048608783104,0.00022773413351777626
2.0,mid_MOR_shrink,1.0,1.0,0.8,0.0,8.018600000000001,0.101956,7.791369807769866,2.0784941930316414,0.9974438484746899,0.00021354965995421527
2.0,tight_WA,0.0,1.0,1.0,1.0,7.269800000000001,0.098258,1.0691098166247293,-7.382411160335567,0.9865487763995976,0.006025764357192353
