weight_value,target_name,MOR_margin,spec_met_point,spec_met_with_margin,cost,CO2
10.0,high_MOR,6.446808263999986,1.0,0.8,7.58282,0.09654399999999999
10.0,low_MOR,10.755546558999994,1.0,1.0,7.1241,0.09199199999999999
10.0,mid_MOR,6.100605012499997,1.0,0.8,7.13712,0.09875199999999999
10.0,mid_MOR_shrink,13.842585012499999,1.0,0.8,7.589439999999999,0.09312000000000001
10.0,tight_WA,6.569269012499999,1.0,1.0,7.093819999999999,0.099934
20.0,high_MOR,6.446808263999986,1.0,0.8,7.58282,0.09654399999999999
20.0,low_MOR,10.755546558999994,1.0,1.0,7.1241,0.09199199999999999
20.0,mid_MOR,6.100605012499997,1.0,0.8,7.13712,0.09875199999999999
20.0,mid_MOR_shrink,13.842585012499999,1.0,0.8,7.589439999999999,0.09312000000000001
20.0,tight_WA,6.569269012499999,1.0,1.0,7.093819999999999,0.099934
40.0,high_MOR,6.446808263999986,1.0,0.8,7.58282,0.09654399999999999
40.0,low_MOR,10.755546558999994,1.0,1.0,7.1241,0.09199199999999999
40.0,mid_MOR,6.100605012499997,1.0,0.8,7.13712,0.09875199999999999
40.0,mid_MOR_shrink,13.842585012499999,1.0,0.8,7.589439999999999,0.09312000000000001
40.0,tight_WA,6.569269012499999,1.0,1.0,7.093819999999999,0.099934
