k,target_name,seed,spec_met_point,spec_met_at_k,spec_met_with_90pct_margin,polished,feasible,no_compliant_recipe_found,cost_Tk_per_kg,CO2_kg_per_kg,cost_change_vs_NN_pct,CO2_change_vs_NN_pct,trust_ratio,p_WA_exceeds_target
0.0,low_MOR,0,True,True,False,True,True,False,7.2151,0.08738,-3.967683543629885,-10.709176374412433,0.9009386523633925,0.2714682417523586
0.0,low_MOR,1,True,True,False,True,True,False,7.2091,0.0846,-4.047542991002507,-13.549969343960766,0.9952648340596715,0.3017969818516435
0.0,low_MOR,2,True,True,False,True,True,False,7.1773,0.08644,-4.470798062077419,-11.669732270590638,0.9913677505866577,0.32491374553630514
0.0,low_MOR,3,True,True,False,True,True,False,7.1677,0.08646,-4.598573177873611,-11.649294911097495,0.9756956084478712,0.12030613729584738
0.0,low_MOR,4,True,True,False,True,True,False,7.1808,0.08688,-4.424213384443387,-11.220110361741265,0.8795675494468657,0.08724885081848432
0.0,mid_MOR,0,True,True,False,True,True,False,7.476,0.08207,0.4973786799300939,-17.831397677212646,0.994049614482065,0.11468830622980697
0.0,mid_MOR,1,True,True,False,True,True,False,7.2111,0.08992,-3.063583815028903,-9.971966359631557,0.7755615152531009,0.019017106560458297
0.0,mid_MOR,2,True,True,False,True,True,False,7.3698,0.08679,-0.9302325581395432,-13.105726872246692,0.9688652363392558,0.052379014620355546
0.0,mid_MOR,3,True,True,False,True,True,False,7.2235,0.09041,-2.8968947439172,-9.48137765318381,0.8296178343949044,0.013401345080464533
0.0,mid_MOR,4,True,True,False,True,True,False,7.1817,0.09085,-3.4587982255679495,-9.040849018822584,0.8757542742205833,0.00416735503704313
0.0,high_MOR,0,True,True,False,True,True,False,7.3953,0.09593,-1.833169617967989,-15.435472496473901,0.9598977539389877,4.294552807115881e-05
0.0,high_MOR,1,True,True,False,True,True,False,7.5922,0.09008,0.7805240661586943,-20.59238363892807,0.9699966476701307,0.0017362920338837018
0.0,high_MOR,2,True,True,False,True,True,False,7.6569,0.08957,1.6393660233095186,-21.041960507757405,0.9826935970499496,0.0020150484064352936
0.0,high_MOR,3,True,True,False,True,True,False,7.6462,0.09109,1.4973318820187487,-19.70204513399153,0.8987596379483741,0.0031157789118382295
0.0,high_MOR,4,True,True,False,True,True,False,7.539,0.09244,0.07433562534844285,-18.511988716502113,0.8930187730472678,0.0003889759471057408
0.0,tight_WA,0,True,True,False,True,True,False,7.1522,0.09141,-0.5658357547025594,-13.83730794608351,0.818764666443178,0.08048531363257028
0.0,tight_WA,1,True,True,False,True,True,False,7.1519,0.09132,-0.5700065342212346,-13.922141577905556,0.9397837747234328,0.055906310373159185
0.0,tight_WA,2,True,True,False,True,True,False,7.1537,0.09208,-0.5449818571090947,-13.205768686963903,0.9659738518270198,0.05328987298992549
0.0,tight_WA,3,True,True,False,True,True,False,7.2896,0.08645,1.3443812648584075,-18.512583655386937,0.9981562185719075,0.2605424518262177
0.0,tight_WA,4,True,True,False,True,True,False,7.2345,0.08935,0.5783480932586293,-15.779055518899055,0.7887613141133087,0.299026276003561
0.0,mid_MOR_shrink,0,True,True,False,True,True,False,7.4273,0.08585,-0.15727920419411623,-14.04685622747297,0.9443094200469325,0.08062017274665045
0.0,mid_MOR_shrink,1,True,True,False,True,True,False,7.2874,0.08725,-2.037908321010895,-12.645174209050868,0.9328695943680858,0.1147223488251421
0.0,mid_MOR_shrink,2,True,True,False,True,True,False,7.3749,0.08401,-0.8616749563113313,-15.889066880256308,0.9899849145155882,0.09865126926445011
0.0,mid_MOR_shrink,3,True,True,False,True,True,False,7.3761,0.08647,-0.8455437558811618,-13.42611133360031,0.8827522628226616,0.06587942380737877
0.0,mid_MOR_shrink,4,True,True,False,True,True,False,7.3557,0.08622,-1.1197741631939873,-13.676411694032831,0.9100737512571238,0.11482598129114452
1.0,low_MOR,0,True,True,True,True,True,False,7.177,0.08674,-4.474791034446046,-11.363171878193345,0.9803469661414683,0.021025713543561753
1.0,low_MOR,1,True,True,True,True,True,False,7.2056,0.08701,-4.094127668636538,-11.08726752503576,0.9771203486423063,0.04107349297290963
1.0,low_MOR,2,True,True,True,True,True,False,7.1791,0.08749,-4.446840227865623,-10.59677089720008,0.9125041904123365,0.04019819957130488
1.0,low_MOR,3,True,True,True,True,True,False,7.1296,0.09114,-5.105680668689782,-6.866952789699576,0.9212621521957761,0.03636234735324817
1.0,low_MOR,4,True,True,True,True,True,False,7.1849,0.08707,-4.36964276207209,-11.025955446556313,0.9451894066376131,0.03657779719784959
1.0,mid_MOR,0,True,True,True,True,True,False,7.2963,0.08959,-1.9182685844871705,-10.302362835402478,0.8734914515588332,0.005938034657631208
1.0,mid_MOR,1,True,True,True,True,True,False,7.2387,0.09224,-2.692566205135105,-7.649179014817776,0.7671387864565873,0.002213888779896811
1.0,mid_MOR,2,True,True,True,True,True,False,7.3805,0.08778,-0.78639602097057,-12.114537444933926,0.9829031176667784,0.009541157184777882
1.0,mid_MOR,3,True,True,True,True,True,False,7.2686,0.09788,-2.290630461083476,-2.0024028834601526,0.988266845457593,0.013952467511852529
1.0,mid_MOR,4,True,True,True,True,True,False,7.2953,0.08946,-1.9317112515123025,-10.43251902282739,0.9247401944351323,0.0075082535190799105
1.0,high_MOR,0,True,True,True,True,True,False,7.6718,0.09039,1.837151883611643,-20.319111424541614,0.9940915186054308,0.0019300775095680844
1.0,high_MOR,1,True,True,True,True,True,False,7.5003,0.09887,-0.43937664268457466,-12.843794076163606,0.9807241032517598,0.0010941624368911995
1.0,high_MOR,2,True,True,True,True,True,False,7.6957,0.08922,2.1544057132237837,-21.350493653032444,0.9771622527656721,0.0008482856670705141
1.0,high_MOR,3,True,True,True,True,True,False,7.4797,0.1011,-0.7128255502163672,-10.877997179125531,0.9759889373114314,0.01322848871333504
1.0,high_MOR,4,True,True,True,True,True,False,7.7114,0.09104,2.3628109485756665,-19.746121297602258,0.9937562856185049,0.0010712422816324674
1.0,tight_WA,0,True,True,True,True,True,False,7.2636,0.09216,0.9829137065717752,-13.130361014233195,0.9374371438149514,0.031937818107602656
1.0,tight_WA,1,True,True,True,True,True,False,7.2525,0.09175,0.8285948643801611,-13.516825336978044,0.954198793161247,0.0421812085140294
1.0,tight_WA,2,True,True,True,True,True,False,7.2241,0.09277,0.433761069943972,-12.555377509661604,0.9629567549446866,0.03354486315336169
1.0,tight_WA,3,True,True,True,True,True,False,7.2118,0.09452,0.26275910967761273,-10.905834668677539,0.9789641300703988,0.026998006909458305
1.0,tight_WA,4,True,True,True,True,True,False,7.1409,0.09725,-0.7229351165732867,-8.332547836742387,0.8510727455581629,0.03501643713997871
1.0,mid_MOR_shrink,0,True,True,True,True,True,False,7.5982,0.08519,2.1400725904019424,-14.707649179014815,0.9008548441166611,0.04025188294342452
1.0,mid_MOR_shrink,1,True,True,True,True,True,False,7.6285,0.09337,2.547385401263602,-6.517821385662792,0.8710191082802546,0.04012775235621202
1.0,mid_MOR_shrink,2,True,True,True,True,True,False,7.6273,0.08865,2.5312542008334438,-11.243492190628746,0.8537546094535702,0.026929363066061085
1.0,mid_MOR_shrink,3,True,True,True,True,True,False,7.6092,0.08435,2.2879419276784496,-15.548658390068082,0.944099899430104,0.039792955037533995
1.0,mid_MOR_shrink,4,True,True,True,True,True,False,7.5804,0.08608,1.9007931173544934,-13.816579895875048,0.8845960442507543,0.041951715995002026
2.0,low_MOR,0,True,True,True,True,True,False,7.0636,0.09706,-5.984134589788637,-0.8174943797261469,0.9770784445189407,0.0002416762117549709
2.0,low_MOR,1,True,True,True,True,True,False,7.0401,0.09992,-6.2969174253314275,2.105048027794809,0.8644401609118337,0.0002859427207883014
2.0,low_MOR,2,True,True,True,True,True,False,7.2265,0.1013,-3.8159505936218974,3.5152258328223995,0.9981562185719075,0.0002792837755074551
2.0,low_MOR,3,True,True,True,False,True,False,7.4827,0.09322,-0.4059521908108432,-4.741467402411614,0.9924153536708012,0.00023401815403734094
2.0,low_MOR,4,True,True,True,True,True,False,7.3154,0.09626,-2.632699781717507,-1.6349887594522827,0.994049614482065,0.00026880262100525965
2.0,mid_MOR,0,True,True,True,True,True,False,7.3473,0.09262,-1.2326925662051402,-7.268722466960353,0.9935048608783104,0.0002701716126181086
2.0,mid_MOR,1,True,True,True,True,True,False,7.2826,0.09372,-2.1024331227315507,-6.167400881057272,0.958556821991284,0.00024733831304180054
2.0,mid_MOR,2,True,True,True,True,True,False,7.3173,0.11199,-1.635972576959266,12.124549459351242,0.9810593362386859,0.0002145130239539217
2.0,mid_MOR,3,True,True,True,True,True,False,7.1791,0.09842,-3.493749159833315,-1.4617541049259164,0.8292826014079786,0.00013784509696979086
2.0,mid_MOR,4,True,True,True,True,True,False,7.3649,0.09584,-0.9961016265627176,-4.044853824589511,0.9826097888032183,0.00026880262100525965
2.0,high_MOR,0,True,True,True,True,True,False,7.4209,0.10574,-1.4933496163750837,-6.7877291960507735,0.9737261146496815,1.126300286602433e-05
2.0,high_MOR,1,True,True,True,True,True,False,7.5887,0.09835,0.7340643003159286,-13.30218617771508,0.9649681528662419,4.6842989278261804e-05
2.0,high_MOR,2,True,True,True,False,True,False,7.7324,0.09385,2.6415695436323494,-17.269040902679833,0.9740613476366075,8.26233902869733e-05
2.0,high_MOR,3,True,True,True,True,True,False,7.4869,0.10382,-0.6172511747683629,-8.480253878702404,0.9208431109621186,2.4229147711163357e-05
2.0,high_MOR,4,True,True,True,True,True,False,7.4242,0.10276,-1.4495446942947465,-9.414668547249638,0.9946781763325511,5.971297967199973e-06
2.0,tight_WA,0,True,False,True,True,True,True,7.2472,0.09826,0.7549110928832592,-7.380525968517304,0.9865487763995976,0.005970539994462842
2.0,tight_WA,1,True,False,True,True,True,True,7.3238,0.09929,1.8198501299893088,-6.409652182109527,0.9769527321488434,0.006006617745234588
2.0,tight_WA,2,True,False,True,True,True,True,7.3554,0.09648,2.259172239291529,-9.058346686775387,0.98554307743882,0.005820230433411289
2.0,tight_WA,3,True,False,True,True,True,True,7.2658,0.09515,1.0134994230421634,-10.311999245923275,0.9664347971840428,0.0063148609626875185
2.0,tight_WA,4,True,False,True,True,True,True,7.1568,0.10211,-0.5018838020826144,-3.751531718352341,0.6625041904123365,0.00601657265016553
2.0,mid_MOR_shrink,0,True,True,True,True,True,False,7.9987,0.10188,7.523860733969623,2.0024028834601637,0.9625796178343948,0.0002705694162077332
2.0,mid_MOR_shrink,1,True,True,True,True,True,False,8.0406,0.09865,8.08710848232288,-1.2314777733279936,0.9970667113643982,0.0002715743698727957
2.0,mid_MOR_shrink,2,True,True,True,False,True,False,8.0456,0.10238,8.154321817448595,2.5030036043251824,0.9974438484746899,0.00012502135808756254
2.0,mid_MOR_shrink,3,True,True,True,True,True,False,8.0486,0.09872,8.194649818524002,-1.1613936724068852,0.9410828025477707,0.0001532314560236392
2.0,mid_MOR_shrink,4,True,True,True,True,True,False,7.9595,0.10815,6.9969081865842275,8.27993592310774,0.9154374790479384,0.00024735169957934566
