target_name,sampler,mean_final_objective,sd_final_objective,mean_elapsed_s,mean_feasible_rate,spec_met_share,spec_met_with_margin_share,mean_MOR_margin,mean_WA_margin,mean_cost,mean_CO2
high_MOR,GP_EI,1.208177599730172,0.11295409001120298,16.058023739978672,0.276,1.0,0.6,9.335496263999989,0.318608,7.5494,0.10638600000000001
high_MOR,Random,1.1828528026951821,0.07350053083708553,0.5780953199602663,0.601,1.0,1.0,11.639266263999986,0.331894,7.522659999999999,0.107596
high_MOR,TPE,0.934075104693231,0.0687364105527182,1.6986573399743066,0.712,1.0,0.8,6.446808263999986,0.320074,7.58282,0.09654399999999999
low_MOR,GP_EI,0.6691423304307884,0.22361528395836391,15.79035608000122,0.28300000000000003,1.0,0.8,16.104658558999994,0.302886,7.030119999999999,0.10434399999999999
low_MOR,Random,0.7331941428673868,0.08338694256481169,0.6209367800038308,0.601,1.0,1.0,17.336462558999994,0.260764,7.193300000000001,0.102068
low_MOR,TPE,0.39208781067550535,0.09624475776653767,1.8998391800094396,0.775,1.0,1.0,10.755546558999994,0.24129399999999998,7.1241,0.09199199999999999
mid_MOR,GP_EI,0.8002040359154068,0.24197717555032403,15.746106099989266,0.32199999999999995,1.0,0.6,10.144131012499999,0.28703599999999996,7.16554,0.102706
mid_MOR,Random,0.8139547727246068,0.055801145928786836,0.5427581800147891,0.601,1.0,1.0,11.831391012499997,0.326674,7.281319999999999,0.10212000000000002
mid_MOR,TPE,0.5909017738773027,0.10037791029396372,1.4596716599771753,0.767,1.0,0.8,6.100605012499997,0.32378,7.13712,0.09875199999999999
mid_MOR_shrink,GP_EI,0.9717149441162427,0.10344925556034895,15.56416303999722,0.308,1.0,0.8,21.993203012499997,0.244922,7.655240000000001,0.09552
mid_MOR_shrink,Random,1.052383737815857,0.18733453032643785,0.6361297199968249,0.601,1.0,0.6,23.2928290125,0.24623,7.56156,0.10062
mid_MOR_shrink,TPE,0.8480286939441498,0.17105725096943084,1.6697983200196176,0.7969999999999999,1.0,0.8,13.842585012499999,0.23494,7.589439999999999,0.09312000000000001
tight_WA,GP_EI,1.1986984169266337,0.21562324307759306,15.8249821000034,0.267,1.0,1.0,27.046323012499993,0.268162,7.24444,0.117228
tight_WA,Random,0.9711754501177408,0.21134343145119272,0.5938851399812848,0.601,1.0,0.8,16.966461012499998,0.23493399999999998,7.350140000000001,0.103212
tight_WA,TPE,0.5845789959498287,0.046427542950684825,1.5937528999987989,0.747,1.0,1.0,6.569269012499999,0.24634399999999998,7.093819999999999,0.099934
