sampler,target_name,seed,final_best_objective,elapsed_seconds,feasible_rate,recommendation_feasible,MOR_margin,WA_margin,spec_met_point,spec_met_with_90pct_margin,cost_Tk_per_kg,CO2_kg_per_kg
TPE,low_MOR,0,0.3129887513095725,2.674878799938597,0.755,True,8.934352558999997,0.27147,True,True,7.1598,0.08797
TPE,low_MOR,1,0.35210046031309206,1.8694416999351233,0.77,True,10.608872558999991,0.22641,True,True,7.1934,0.08829
TPE,low_MOR,2,0.3859209248761639,1.7459891000762582,0.705,True,10.365062558999995,0.22935,True,True,7.1276,0.09165
TPE,low_MOR,3,0.5579480278531814,1.576906600035727,0.855,True,14.026922558999992,0.24314999999999998,True,True,6.9846,0.10253
TPE,low_MOR,4,0.35148088902551694,1.6319797000614926,0.79,True,9.842522558999995,0.23609000000000002,True,True,7.1551,0.08952
Random,low_MOR,0,0.6715045246587682,0.5866236999863759,0.59,True,10.792992558999991,0.27074,True,True,7.1816,0.10022
Random,low_MOR,1,0.7091266944525019,0.7417675000615418,0.595,True,17.484092558999997,0.22842,True,True,7.2032,0.10088
Random,low_MOR,2,0.651228101783903,0.5660603999858722,0.59,True,11.327922558999994,0.25429999999999997,True,True,7.2175,0.09832
Random,low_MOR,3,0.8534200018356242,0.5611548000015318,0.63,True,19.847842558999993,0.30549000000000004,True,True,6.9142,0.1155
Random,low_MOR,4,0.7806913916061369,0.6490774999838322,0.6,True,27.22946255899999,0.24486999999999998,True,True,7.45,0.09542
GP_EI,low_MOR,0,0.41105756411289474,16.53975730005186,0.305,True,9.007112558999992,0.21269,True,False,7.1344,0.08872
GP_EI,low_MOR,1,0.49924328819191915,14.73302409995813,0.225,True,13.364592558999995,0.30525,True,True,7.0699,0.09763
GP_EI,low_MOR,2,0.8058718220497283,16.324141700053588,0.29,True,21.044152558999997,0.39905999999999997,True,True,6.8755,0.11505
GP_EI,low_MOR,3,0.9621334215193191,15.638733200030401,0.27,True,19.936092558999995,0.22821000000000002,True,True,7.0733,0.11425
GP_EI,low_MOR,4,0.6674055562800809,15.716124099912122,0.325,True,17.171342558999996,0.36922,True,True,6.9975,0.10607
TPE,mid_MOR,0,0.5346705518336963,1.4839082999387756,0.82,True,6.253423012500001,0.32544,True,True,7.1165,0.09739
TPE,mid_MOR,1,0.5774997269470338,1.594794899923727,0.7,True,6.262153012500001,0.41127,True,True,7.0013,0.10269
TPE,mid_MOR,2,0.5495987233078958,1.3121643000049517,0.78,True,6.177853012499995,0.29179,True,True,7.329,0.09101
TPE,mid_MOR,3,0.7669973741885036,1.4326762000564486,0.81,True,5.902853012499996,0.28675,True,False,7.1243,0.10553
TPE,mid_MOR,4,0.5257424931093843,1.4748145999619737,0.725,True,5.9067430124999944,0.30365,True,True,7.1145,0.09714
Random,mid_MOR,0,0.7486684892841021,0.600592500064522,0.59,True,8.495723012500001,0.41794,True,True,7.0547,0.10714
Random,mid_MOR,1,0.8640501926011037,0.5568264999892563,0.595,True,13.236693012499998,0.41922,True,True,7.359,0.1014
Random,mid_MOR,2,0.7969334877482335,0.5453314000042155,0.59,True,13.8889430125,0.23908000000000001,True,True,7.6558,0.08931
Random,mid_MOR,3,0.8794303023834581,0.4847116000019014,0.63,True,11.910573012499995,0.31226,True,True,6.8871,0.11733
Random,mid_MOR,4,0.7806913916061369,0.5263289000140503,0.6,True,11.625023012499994,0.24486999999999998,True,True,7.45,0.09542
GP_EI,mid_MOR,0,0.553889776246889,14.726212900015526,0.24,True,9.190513012499999,0.30491999999999997,True,True,7.2397,0.09408
GP_EI,mid_MOR,1,0.5509290735329149,17.513225300004706,0.295,True,9.9112830125,0.31123999999999996,True,True,7.2508,0.09361
GP_EI,mid_MOR,2,0.9586982268545556,15.814921999932267,0.34,True,19.456623012500003,0.2022,True,False,7.5898,0.09009
GP_EI,mid_MOR,3,1.0901314386042513,14.761204699985683,0.31,True,4.626843012499997,0.26315,True,False,6.8868,0.11872
GP_EI,mid_MOR,4,0.847371664338423,15.914965600008145,0.425,True,7.535393012499995,0.35367000000000004,True,True,6.8606,0.11703
TPE,high_MOR,0,0.8644998955728931,1.7730786999454722,0.675,True,6.1491782639999855,0.32958,True,True,7.6558,0.09175
TPE,high_MOR,1,0.9710618893326404,1.6556228999979794,0.74,True,5.96137826399999,0.35975,True,True,7.4272,0.10305
TPE,high_MOR,2,0.8618094706531447,1.8202017999719828,0.81,True,6.227758263999988,0.35116,True,True,7.6827,0.09078
TPE,high_MOR,3,0.9551131556077752,1.6194685000227764,0.635,True,5.801398263999985,0.27537,True,False,7.4454,0.10138
TPE,high_MOR,4,1.0178911122997012,1.6249147999333218,0.7,True,8.094328263999984,0.28451000000000004,True,True,7.703,0.09576
Random,high_MOR,0,1.173210716494498,0.5700475999619812,0.59,True,18.06775826399999,0.48425,True,True,7.5591,0.10606
Random,high_MOR,1,1.0757324601560678,0.6218594999518245,0.595,True,9.87135826399998,0.33155,True,True,7.3786,0.10842
Random,high_MOR,2,1.2413040674105198,0.5837078999029472,0.59,True,11.574418263999988,0.31749,True,True,7.7135,0.10349
Random,high_MOR,3,1.1623851630789823,0.5337603000225499,0.63,True,10.373248263999983,0.22581,True,True,7.4876,0.108
Random,high_MOR,4,1.2616316063358426,0.5811012999620289,0.6,True,8.309548263999986,0.30037,True,True,7.4745,0.11201
GP_EI,high_MOR,0,1.1901369323505722,16.588259399984963,0.165,True,8.776158263999989,0.44921,True,True,7.2371,0.11716
GP_EI,high_MOR,1,1.033020380058131,14.554721599910408,0.26,True,12.437168263999993,0.34238999999999997,True,True,7.5287,0.10198
GP_EI,high_MOR,2,1.2015466070843444,16.26698650000617,0.34,True,5.479308263999982,0.21478999999999998,True,False,7.638,0.09954
GP_EI,high_MOR,3,1.3049914046235274,16.191133600077592,0.35,True,6.898918263999988,0.21949000000000002,True,False,7.7522,0.10324
GP_EI,high_MOR,4,1.3111926745342855,16.689017599914223,0.265,True,13.085928263999989,0.36716,True,True,7.591,0.11001
TPE,tight_WA,0,0.5501150810341804,1.6251553000183776,0.705,True,7.780883012499999,0.24669000000000002,True,True,7.2242,0.09444
TPE,tight_WA,1,0.5630966695932613,1.4705699000041932,0.825,True,6.245443012499997,0.2253,True,True,7.1232,0.0982
TPE,tight_WA,2,0.5684600524374825,1.557750300038606,0.69,True,5.938963012499997,0.25264,True,True,7.0665,0.10024
TPE,tight_WA,3,0.5752447533644689,1.654894100036472,0.72,True,6.224473012499999,0.25949,True,True,7.1552,0.0976
TPE,tight_WA,4,0.6659784233197499,1.660394899896346,0.795,True,6.6565830125000005,0.2476,True,True,6.9,0.10919
Random,tight_WA,0,0.7486684892841021,0.5563056999817491,0.59,True,8.495723012500001,0.23794,True,True,7.0547,0.10714
Random,tight_WA,1,0.8640501926011037,0.6095541000831872,0.595,True,13.236693012499998,0.23922,True,True,7.359,0.1014
Random,tight_WA,2,0.9300107357853107,0.6226746999891475,0.59,True,21.665493012499994,0.23207,True,True,7.3717,0.10337
Random,tight_WA,3,1.3102607722784994,0.5768463999265805,0.63,True,16.186773012499998,0.18898,True,False,7.489,0.10155
Random,tight_WA,4,1.002887060639688,0.6040447999257594,0.6,True,25.2476230125,0.27646,True,True,7.4763,0.1026
GP_EI,tight_WA,0,1.2831909839808728,14.965313700027764,0.17,True,34.012113012499995,0.30809000000000003,True,True,7.1251,0.12417
GP_EI,tight_WA,1,1.1281659154083155,15.166453500045463,0.31,True,24.514343012499992,0.24054,True,True,7.0292,0.12169
GP_EI,tight_WA,2,1.5256584130484476,16.985804099938832,0.265,True,37.69002301249999,0.26806,True,True,7.399,0.12401
GP_EI,tight_WA,3,1.0947350810495275,15.58288270002231,0.295,True,19.151263012499996,0.30053,True,True,7.2517,0.11323
GP_EI,tight_WA,4,0.9617416911460053,16.424456499982625,0.295,True,19.863873012499994,0.22359,True,True,7.4172,0.10304
TPE,mid_MOR_shrink,0,0.7223286072049574,1.694090100005269,0.78,True,14.730623012500004,0.23098999999999997,True,True,7.5864,0.08887
TPE,mid_MOR_shrink,1,1.0701999459618292,1.7469658999470994,0.86,True,12.011353012499995,0.22951,True,True,7.6385,0.09975
TPE,mid_MOR_shrink,2,0.8676296628286451,1.6814216000493616,0.865,True,7.177113012499994,0.26526,True,True,7.6366,0.09249
TPE,mid_MOR_shrink,3,0.6403911775686328,1.5041816000593826,0.695,True,10.022793012499996,0.22037,True,False,7.5939,0.08468
TPE,mid_MOR_shrink,4,0.939594076156685,1.7223324000369757,0.785,True,25.2710430125,0.22857,True,True,7.4918,0.09981
Random,mid_MOR_shrink,0,1.0696771017098923,0.5680899999570101,0.59,True,21.9953430125,0.26424000000000003,True,True,7.6581,0.09909
Random,mid_MOR_shrink,1,0.9513693883950084,0.6801482000155374,0.595,True,22.289433012499998,0.22083999999999998,True,False,7.4714,0.10006
Random,mid_MOR_shrink,2,0.7969334877482335,0.5766066999640316,0.59,True,13.8889430125,0.23908000000000001,True,True,7.6558,0.08931
Random,mid_MOR_shrink,3,1.1623851630789823,0.7059503000928089,0.63,True,32.645033012499994,0.22581,True,True,7.4876,0.108
Random,mid_MOR_shrink,4,1.281553548147168,0.6498533999547362,0.6,True,25.645393012499994,0.28118,True,False,7.5349,0.10664
GP_EI,mid_MOR_shrink,0,0.8081227773368614,15.717399499961175,0.315,True,21.497463012499992,0.28562,True,True,7.7698,0.086
GP_EI,mid_MOR_shrink,1,1.0517393822432508,14.676506799994968,0.245,True,23.764933012499995,0.20084999999999997,True,False,7.6256,0.09183
GP_EI,mid_MOR_shrink,2,1.0076693578910367,15.93623590003699,0.345,True,15.836483012499997,0.24137999999999998,True,True,7.5188,0.10139
GP_EI,mid_MOR_shrink,3,1.0555817898170603,15.066888100001961,0.295,True,17.027183012500004,0.23756,True,True,7.6071,0.10024
GP_EI,mid_MOR_shrink,4,0.9354614132930044,16.423784899991006,0.34,True,31.839953012500004,0.2592,True,True,7.7549,0.09814
